{"type": "FeatureCollection", "bounds": [[-72.5260613680739, -46.6005044702668], [-72.5129851254908, -46.5837076605756]], "meta": {"source": "Propuesta de Subdivisión Inversiones Parques de la Patagonia SpA", "n_lotes": 82, "generated": "2026-06-09"}, "features": [{"type": "Feature", "properties": {"name": "Predio", "kind": "predio", "area_m2": 1479356, "area_ha": 147.94, "centroid": [-72.521498, -46.594071], "status": "disponible", "tier": "por asignar"}, "geometry": {"type": "Polygon", "coordinates": [[[-72.5197725935736, -46.6005044702668], [-72.5129851254908, -46.6004625024357], [-72.5143733917868, -46.5908652444131], [-72.5166109791446, -46.58806060220251], [-72.5155566232256, -46.5853161641189], [-72.5146806164273, -46.5837076605756], [-72.5260613680739, -46.5847597055158], [-72.5246761299533, -46.5895215610079], [-72.5248500347935, -46.5918648631565], [-72.5253713673236, -46.5954117751988], [-72.5253708328126, -46.5955018386165], [-72.5252406768748, -46.59703853029841], [-72.5251338353591, -46.59753737237619], [-72.5251073209753, -46.597880668105], [-72.5255382389695, -46.5998660356787], [-72.5243681286917, -46.6004053092902], [-72.5197725935736, -46.6005044702668]]]}}, {"type": "Feature", "properties": {"name": "Lote 1", "kind": "lote", "area_m2": 5032, "area_ha": 0.5, "centroid": [-72.522243, -46.59945], "status": "disponible", "tier": "por asignar", "scored": false}, "geometry": {"type": "Polygon", "coordinates": [[[-72.5218890592807, -46.5993735214841], [-72.522042184536, -46.5991188846357], [-72.5223721751539, -46.598971042555], [-72.5229400771386, -46.5998499986808], [-72.5223236551086, -46.6000152540374], [-72.5218890592807, -46.5993735214841]]]}}, {"type": "Feature", "properties": {"name": "Lote 2", "kind": "lote", "area_m2": 5041, "area_ha": 0.5, "centroid": [-72.522893, -46.599193], "status": "disponible", "tier": "por asignar", "scores": {"vista": 4.5, "bloqueo_vista": 4.0, "vecinos": 4.0, "ruido": 3.5, "pendiente": 4.0, "construibilidad": 4.0, "acceso": 3.0, "arboles_viejos": 4.5, "biodiversidad": 4.5, "sensib_ecol": 4.0, "riesgos": 5.0}, "punt5": 4.18, "punt100": 84, "stars": 4.0, "agua_missing": true, "scored": true}, "geometry": {"type": "Polygon", "coordinates": [[[-72.5224047629065, -46.599021480256], [-72.5228253570004, -46.59894932098739], [-72.5230192761579, -46.5989376237253], [-72.5230300479248, -46.5989360822371], [-72.5236301422681, -46.5996335502583], [-72.5229400771386, -46.5998499986808], [-72.5224047629065, -46.599021480256]]]}}, {"type": "Feature", "properties": {"name": "Lote 3", "kind": "lote", "area_m2": 6503, "area_ha": 0.65, "centroid": [-72.523629, -46.599059], "status": "disponible", "tier": "por asignar", "scored": false}, "geometry": {"type": "Polygon", "coordinates": [[[-72.5244776963593, -46.5993495691376], [-72.5236301422681, -46.5996335502583], [-72.5230300479899, -46.59893608230481], [-72.5230423464253, -46.5989309425967], [-72.5232192310847, -46.59882347356799], [-72.5232281127157, -46.5988149066723], [-72.5232281127159, -46.5988149066723], [-72.5243290162512, -46.5988780104889], [-72.5244776963593, -46.5993495691376]]]}}, {"type": "Feature", "properties": {"name": "Lote 4", "kind": "lote", "area_m2": 5040, "area_ha": 0.5, "centroid": [-72.523785, -46.598654], "status": "disponible", "tier": "por asignar", "scores": {"vista": 5.0, "bloqueo_vista": 4.0, "vecinos": 4.0, "ruido": 4.0, "pendiente": 5.0, "construibilidad": 5.0, "acceso": 5.0, "arboles_viejos": 5.0, "biodiversidad": 4.5, "sensib_ecol": 4.0, "riesgos": 4.0}, "punt5": 4.59, "punt100": 92, "stars": 4.5, "agua_missing": true, "scored": true}, "geometry": {"type": "Polygon", "coordinates": [[[-72.5243290162501, -46.5988780104881], [-72.5232281127157, -46.5988149066723], [-72.5232281127159, -46.5988149066723], [-72.5232294398373, -46.5988126078938], [-72.5235249323501, -46.5982233626471], [-72.5240595692946, -46.5980985172983], [-72.5243518864494, -46.59870822889759], [-72.5243290162501, -46.5988780104881]]]}}, {"type": "Feature", "properties": {"name": "Lote 5", "kind": "lote", "area_m2": 5998, "area_ha": 0.6, "centroid": [-72.52447, -46.598351], "status": "disponible", "tier": "por asignar", "scored": false}, "geometry": {"type": "Polygon", "coordinates": [[[-72.5240595692946, -46.5980985172983], [-72.5243303936893, -46.5980352689804], [-72.525036204881, -46.5979201881195], [-72.5251250954262, -46.5987185285892], [-72.5243290023545, -46.5988780286339], [-72.52435188675, -46.59870822942371], [-72.5240595692946, -46.5980985172983]]]}}, {"type": "Feature", "properties": {"name": "Lote 6", "kind": "lote", "area_m2": 5037, "area_ha": 0.5, "centroid": [-72.523461, -46.5981], "status": "disponible", "tier": "por asignar", "scored": false}, "geometry": {"type": "Polygon", "coordinates": [[[-72.5232897264424, -46.5983293738258], [-72.5229026556284, -46.5979041193773], [-72.5238474871516, -46.5973142391322], [-72.5240350443782, -46.59804725868051], [-72.5234803596789, -46.5981768026556], [-72.5234673792963, -46.5981823548803], [-72.5234585168554, -46.5981909416049], [-72.5234572203286, -46.5981931905017], [-72.5233850382219, -46.5983371223062], [-72.5232897264424, -46.5983293738258]]]}}, {"type": "Feature", "properties": {"name": "Lote 7", "kind": "lote", "area_m2": 5010, "area_ha": 0.5, "centroid": [-72.524253, -46.597653], "status": "disponible", "tier": "por asignar", "scored": false}, "geometry": {"type": "Polygon", "coordinates": [[[-72.5243105528986, -46.5979830474226], [-72.5243072750623, -46.597983691344], [-72.5240350444223, -46.59804725861689], [-72.5238475000776, -46.59731426186281], [-72.5241308664429, -46.5970469904993], [-72.5244846248368, -46.5969314993757], [-72.5246013968789, -46.59793552318909], [-72.5243105528986, -46.5979830474226]]]}}, {"type": "Feature", "properties": {"name": "Lote 8", "kind": "lote", "area_m2": 5017, "area_ha": 0.5, "centroid": [-72.524882, -46.597316], "status": "disponible", "tier": "por asignar", "scores": {"vista": 4.5, "bloqueo_vista": 4.0, "vecinos": 3.5, "ruido": 3.5, "pendiente": 4.0, "construibilidad": 4.5, "acceso": 5.0, "arboles_viejos": 4.0, "biodiversidad": 4.0, "sensib_ecol": 4.0, "riesgos": 5.0}, "punt5": 4.22, "punt100": 84, "stars": 4.0, "agua_missing": true, "scored": true}, "geometry": {"type": "Polygon", "coordinates": [[[-72.5244846697297, -46.59693167531211], [-72.5251855553488, -46.59676221240419], [-72.5251611733718, -46.59703716073], [-72.5250557451595, -46.59752955912], [-72.5250554524156, -46.5975316838977], [-72.5250299733137, -46.5978654912011], [-72.5246013970627, -46.5979355231931], [-72.5244846697297, -46.59693167531211]]]}}, {"type": "Feature", "properties": {"name": "Lote 9", "kind": "lote", "area_m2": 5031, "area_ha": 0.5, "centroid": [-72.524863, -46.594459], "status": "disponible", "tier": "por asignar", "scored": false}, "geometry": {"type": "Polygon", "coordinates": [[[-72.5250794463398, -46.59408312053739], [-72.5251994052438, -46.5949703174244], [-72.5245572024006, -46.5950195883663], [-72.5244014655647, -46.5941386662437], [-72.5250794463398, -46.59408312053739]]]}}, {"type": "Feature", "properties": {"name": "Lote 10", "kind": "lote", "area_m2": 5055, "area_ha": 0.51, "centroid": [-72.524099, -46.594658], "status": "disponible", "tier": "por asignar", "scored": false}, "geometry": {"type": "Polygon", "coordinates": [[[-72.5237783408683, -46.59440135544891], [-72.5244014666327, -46.5941386767688], [-72.5245572108292, -46.5950194033786], [-72.5239808491667, -46.595329147369], [-72.5237783408683, -46.59440135544891]]]}}, {"type": "Feature", "properties": {"name": "Lote 11", "kind": "lote", "area_m2": 5016, "area_ha": 0.5, "centroid": [-72.523521, -46.594951], "status": "disponible", "tier": "por asignar", "scored": false}, "geometry": {"type": "Polygon", "coordinates": [[[-72.5232210311019, -46.5946934414616], [-72.5237783408683, -46.59440135544891], [-72.523980849172, -46.595329147389], [-72.5234040657833, -46.59563875026971], [-72.5232210311019, -46.5946934414616]]]}}, {"type": "Feature", "properties": {"name": "Lote 12", "kind": "lote", "area_m2": 5032, "area_ha": 0.5, "centroid": [-72.522953, -46.595249], "status": "disponible", "tier": "por asignar", "scored": false}, "geometry": {"type": "Polygon", "coordinates": [[[-72.5226403492474, -46.5949911689799], [-72.5232210311019, -46.5946934414616], [-72.5234040658326, -46.5956387491877], [-72.5228570690622, -46.5959323208985], [-72.5226403492474, -46.5949911689799]]]}}, {"type": "Feature", "properties": {"name": "Lote 13", "kind": "lote", "area_m2": 5044, "area_ha": 0.5, "centroid": [-72.522395, -46.595541], "status": "disponible", "tier": "por asignar", "scored": false}, "geometry": {"type": "Polygon", "coordinates": [[[-72.5220949257845, -46.595272526593], [-72.5226403492474, -46.5949911689799], [-72.5228570690601, -46.5959323208965], [-72.5222854827599, -46.59623848654571], [-72.5220949257845, -46.595272526593]]]}}, {"type": "Feature", "properties": {"name": "Lote 14", "kind": "lote", "area_m2": 5048, "area_ha": 0.5, "centroid": [-72.521844, -46.595823], "status": "disponible", "tier": "por asignar", "scored": false}, "geometry": {"type": "Polygon", "coordinates": [[[-72.5215594712914, -46.5955307539235], [-72.5220949257968, -46.5952725265881], [-72.5222855163166, -46.5962384569473], [-72.5217215500224, -46.5965417377892], [-72.5215594712914, -46.5955307539235]]]}}, {"type": "Feature", "properties": {"name": "Lote 15", "kind": "lote", "area_m2": 5018, "area_ha": 0.5, "centroid": [-72.521347, -46.59628], "status": "disponible", "tier": "por asignar", "scored": false}, "geometry": {"type": "Polygon", "coordinates": [[[-72.5210928449169, -46.5966390699068], [-72.5210394058079, -46.5957116216083], [-72.5215594711165, -46.5955307545057], [-72.5217215500241, -46.59654173778851], [-72.5215751366836, -46.5966203179756], [-72.5210928449169, -46.5966390699068]]]}}, {"type": "Feature", "properties": {"name": "Lote 16", "kind": "lote", "area_m2": 5008, "area_ha": 0.5, "centroid": [-72.520874, -46.59739], "status": "disponible", "tier": "por asignar", "scored": false}, "geometry": {"type": "Polygon", "coordinates": [[[-72.5205822479059, -46.5968761986062], [-72.5215170819406, -46.59738173520899], [-72.5211383242196, -46.5976111687959], [-72.5211310702409, -46.59761641110029], [-72.5209714325068, -46.5977444822132], [-72.5209714324298, -46.5977444821729], [-72.5200965920554, -46.5972668984887], [-72.5205822479059, -46.5968761986062]]]}}, {"type": "Feature", "properties": {"name": "Lote 17", "kind": "lote", "area_m2": 5029, "area_ha": 0.5, "centroid": [-72.520439, -46.597708], "status": "disponible", "tier": "por asignar", "scored": false}, "geometry": {"type": "Polygon", "coordinates": [[[-72.5198567605784, -46.5975111156173], [-72.5200470374679, -46.59730676552199], [-72.5200965176768, -46.5972669466304], [-72.5209714324298, -46.5977444821729], [-72.5209714325068, -46.5977444822132], [-72.5208777960222, -46.59781962632221], [-72.5208497857911, -46.5978421674389], [-72.5208188066706, -46.5978699182814], [-72.5207119626159, -46.5979686150566], [-72.5205766059539, -46.59814889868801], [-72.5196302974464, -46.5977636254537], [-72.5198567605784, -46.5975111156173]]]}}, {"type": "Feature", "properties": {"name": "Lote 18", "kind": "lote", "area_m2": 5014, "area_ha": 0.5, "centroid": [-72.519953, -46.598205], "status": "disponible", "tier": "por asignar", "scored": false}, "geometry": {"type": "Polygon", "coordinates": [[[-72.5195578335572, -46.59784442376189], [-72.5196302974464, -46.5977636254537], [-72.5205765928056, -46.5981488940316], [-72.5204350160802, -46.598338835318], [-72.5204293249383, -46.5983492708703], [-72.5203135237369, -46.5986156549094], [-72.5203107577881, -46.59862417308829], [-72.5194467582768, -46.5983072421849], [-72.5192740222421, -46.5982127553136], [-72.5195578335572, -46.59784442376189]]]}}, {"type": "Feature", "properties": {"name": "Lote 19", "kind": "lote", "area_m2": 5034, "area_ha": 0.5, "centroid": [-72.519661, -46.598802], "status": "disponible", "tier": "por asignar", "scored": false}, "geometry": {"type": "Polygon", "coordinates": [[[-72.5193120736214, -46.5985347929483], [-72.5192253794732, -46.5985100509126], [-72.5194467582766, -46.5983072421848], [-72.520310618096, -46.5986241700586], [-72.5201253572329, -46.5993995544962], [-72.520046303021, -46.5995162887951], [-72.5195184881545, -46.59899010773589], [-72.5197529759193, -46.5989474146329], [-72.5195605543132, -46.5986536171431], [-72.5193120736214, -46.5985347929483]]]}}, {"type": "Feature", "properties": {"name": "lote 20", "kind": "lote", "area_m2": 5030, "area_ha": 0.5, "centroid": [-72.519593, -46.599561], "status": "disponible", "tier": "por asignar", "scored": false}, "geometry": {"type": "Polygon", "coordinates": [[[-72.5195184670977, -46.5989901213643], [-72.5200463005957, -46.5995162903648], [-72.5198779168633, -46.5997648429311], [-72.519853841246, -46.59978456684569], [-72.5198429931974, -46.5997907042935], [-72.5197436076899, -46.5998087814161], [-72.5196765675741, -46.5998131072773], [-72.5196361712193, -46.5998102739626], [-72.5192938187846, -46.5997520996129], [-72.5190380123154, -46.5996469703584], [-72.5190678880993, -46.599067610758], [-72.5195184670977, -46.5989901213643]]]}}, {"type": "Feature", "properties": {"name": "Lote 21", "kind": "lote", "area_m2": 5009, "area_ha": 0.5, "centroid": [-72.518407, -46.599139], "status": "disponible", "tier": "por asignar", "scored": false}, "geometry": {"type": "Polygon", "coordinates": [[[-72.5190380152219, -46.59964697051589], [-72.5188560736001, -46.5995732015598], [-72.5188462159398, -46.5995695859893], [-72.5188347522463, -46.59956660186851], [-72.5187393504152, -46.5995462195963], [-72.5182835031162, -46.5992289827023], [-72.517995146536, -46.5990801028755], [-72.5179282150024, -46.5989047203845], [-72.5180182924942, -46.598855165322], [-72.518027202289, -46.59884657213901], [-72.5180296739498, -46.5988421331154], [-72.5180316920678, -46.5988375356245], [-72.5180329509947, -46.59883317950301], [-72.5180542599335, -46.5986917792427], [-72.5180997409362, -46.5986286899404], [-72.5190678879253, -46.5990676107543], [-72.5190380152219, -46.59964697051589]]]}}, {"type": "Feature", "properties": {"name": "Lote 22", "kind": "lote", "area_m2": 5065, "area_ha": 0.51, "centroid": [-72.519974, -46.596978], "status": "disponible", "tier": "por asignar", "scored": false}, "geometry": {"type": "Polygon", "coordinates": [[[-72.520031016771, -46.5965351507829], [-72.5205822731902, -46.5968761838884], [-72.5200470374129, -46.5973067502527], [-72.5198564407625, -46.5975115349881], [-72.5192947663202, -46.59710499459599], [-72.520031016771, -46.5965351507829]]]}}, {"type": "Feature", "properties": {"name": "Lote 23", "kind": "lote", "area_m2": 5004, "area_ha": 0.5, "centroid": [-72.519004, -46.597501], "status": "disponible", "tier": "por asignar", "scored": false}, "geometry": {"type": "Polygon", "coordinates": [[[-72.5188320263296, -46.5975077213523], [-72.518562990012, -46.59774504457471], [-72.5183707823555, -46.59758344477301], [-72.5187266712143, -46.5972053099374], [-72.5192947663202, -46.59710499459599], [-72.5198564055576, -46.5975115098145], [-72.5195578335572, -46.59784442376189], [-72.5188320263296, -46.5975077213523]]]}}, {"type": "Feature", "properties": {"name": "Lote 24", "kind": "lote", "area_m2": 5006, "area_ha": 0.5, "centroid": [-72.518807, -46.598034], "status": "disponible", "tier": "por asignar", "scored": false}, "geometry": {"type": "Polygon", "coordinates": [[[-72.5185721114564, -46.5981990109802], [-72.5186075082051, -46.5981728041529], [-72.5186124601724, -46.59816827097301], [-72.5186931618906, -46.5980755067379], [-72.518695340685, -46.598072658216], [-72.5186975236848, -46.5980683686218], [-72.5187201850322, -46.5980091424622], [-72.5187214496253, -46.5980031228041], [-72.5187208914909, -46.59799764208189], [-72.5186964516633, -46.59790076749631], [-72.5186945033408, -46.5978958441078], [-72.5186921345644, -46.5978923155922], [-72.5185980261615, -46.5977752466951], [-72.5185934342347, -46.5977707374341], [-72.5185629904299, -46.5977450447145], [-72.5188319858174, -46.5975077174655], [-72.5195578335571, -46.597844423762], [-72.5192740222421, -46.5982127553136], [-72.5194467582766, -46.5983072421849], [-72.5192253940055, -46.5985100401039], [-72.5189671374808, -46.59842131699779], [-72.5185721114564, -46.5981990109802]]]}}, {"type": "Feature", "properties": {"name": "Lote 25", "kind": "lote", "area_m2": 5023, "area_ha": 0.5, "centroid": [-72.51705, -46.599857], "status": "disponible", "tier": "por asignar", "scored": false}, "geometry": {"type": "Polygon", "coordinates": [[[-72.5173697876464, -46.600103050515], [-72.5171724052716, -46.6001872833873], [-72.5170914341756, -46.6002078912735], [-72.5169604957085, -46.600209523279], [-72.5168216992604, -46.6001904679933], [-72.5164138295008, -46.6000498354606], [-72.5164102584278, -46.600048663504], [-72.5163995692911, -46.6000458422472], [-72.5163004660102, -46.6000241721192], [-72.5162739161499, -46.6000210466071], [-72.5162567552729, -46.600021724969], [-72.516362076785, -46.5996774195625], [-72.5168114950546, -46.5998331757939], [-72.516954799273, -46.5994878205116], [-72.5169776562604, -46.599497887906], [-72.5170136853146, -46.59950923456989], [-72.5170327452468, -46.5995135310669], [-72.5173681937544, -46.599560748662], [-72.5173885552128, -46.5995651654664], [-72.5173904860954, -46.59956603232689], [-72.5173996500141, -46.59957276333271], [-72.5174188225632, -46.5995943620346], [-72.5174341948821, -46.5996131431994], [-72.5174443353488, -46.5996255029481], [-72.5175296369096, -46.5998403081706], [-72.5175630293228, -46.5999696033612], [-72.5175584131014, -46.5999884675313], [-72.5175317818646, -46.6000140098193], [-72.5174671856962, -46.6000557565064], [-72.5173697876464, -46.600103050515]]]}}, {"type": "Feature", "properties": {"name": "Lote 26", "kind": "lote", "area_m2": 5723, "area_ha": 0.57, "centroid": [-72.515831, -46.600078], "status": "disponible", "tier": "por asignar", "scored": false}, "geometry": {"type": "Polygon", "coordinates": [[[-72.5154044014273, -46.59937888062991], [-72.5163620848203, -46.5996774590542], [-72.5162567797354, -46.6000217280031], [-72.5161857819426, -46.60002878234721], [-72.5161624756677, -46.6000333703689], [-72.5161062264237, -46.6000512521238], [-72.5160530765379, -46.6000720667472], [-72.515990217174, -46.60010317745941], [-72.5159724154337, -46.6001187104877], [-72.5159344423805, -46.6001611873005], [-72.5159246310958, -46.6001737099667], [-72.5158956414021, -46.6002369184669], [-72.5158910186616, -46.600257195357], [-72.5158980885418, -46.60042556444441], [-72.5157586733401, -46.6004255022323], [-72.5157583500049, -46.60042528766139], [-72.5154411386495, -46.60019386882251], [-72.5154189391275, -46.600182629724], [-72.5153413981411, -46.6001542505923], [-72.5152927306541, -46.60014186621871], [-72.5154044014273, -46.59937888062991]]]}}, {"type": "Feature", "properties": {"name": "Lote 27", "kind": "lote", "area_m2": 5002, "area_ha": 0.5, "centroid": [-72.514225, -46.600147], "status": "disponible", "tier": "por asignar", "scored": false}, "geometry": {"type": "Polygon", "coordinates": [[[-72.5142938577661, -46.60028119177261], [-72.5142656497062, -46.6002853972629], [-72.5142534286765, -46.6002892579295], [-72.5141947303303, -46.60031127038779], [-72.5141038084911, -46.60034256010351], [-72.5138400128173, -46.6003932271912], [-72.5138531362893, -46.59950592317989], [-72.5145856006476, -46.59951214737241], [-72.5145620995944, -46.600269374283], [-72.5142938577661, -46.60028119177261]]]}}, {"type": "Feature", "properties": {"name": "Lote 28", "kind": "lote", "area_m2": 5104, "area_ha": 0.51, "centroid": [-72.5136, -46.6001], "status": "disponible", "tier": "por asignar", "scored": false}, "geometry": {"type": "Polygon", "coordinates": [[[-72.513790135449, -46.6004028070878], [-72.513603370392, -46.6004038595482], [-72.513105270486, -46.60016845963391], [-72.5132167576199, -46.5994269930161], [-72.5138534099266, -46.5995052480892], [-72.5138400125103, -46.6003932215178], [-72.513790135449, -46.6004028070878]]]}}, {"type": "Feature", "properties": {"name": "Lote 29", "kind": "lote", "area_m2": 5039, "area_ha": 0.5, "centroid": [-72.516779, -46.599309], "status": "disponible", "tier": "por asignar", "scored": false}, "geometry": {"type": "Polygon", "coordinates": [[[-72.5169597653528, -46.5992239987631], [-72.5169166641702, -46.5992428606659], [-72.5168695489988, -46.59927561040289], [-72.5168438588893, -46.59930792170691], [-72.516833254365, -46.5993496535384], [-72.5168570378047, -46.5994001250097], [-72.5169083007247, -46.5994627856992], [-72.516954799273, -46.5994878205116], [-72.5168114950548, -46.5998331757947], [-72.5163620937703, -46.5996775696511], [-72.5160323713546, -46.5995746650438], [-72.516373361416, -46.59882222406929], [-72.5165632084783, -46.5988765211952], [-72.5168969772976, -46.59906537362491], [-72.5170793631385, -46.5992105231955], [-72.5170160504991, -46.59921241067251], [-72.5169597653528, -46.5992239987631]]]}}, {"type": "Feature", "properties": {"name": "Lote 30", "kind": "lote", "area_m2": 5060, "area_ha": 0.51, "centroid": [-72.515881, -46.598975], "status": "disponible", "tier": "por asignar", "scored": false}, "geometry": {"type": "Polygon", "coordinates": [[[-72.5154044014273, -46.59937888062991], [-72.5156914945166, -46.5985101113385], [-72.5159116381789, -46.5986395533188], [-72.5161097404057, -46.59874559710391], [-72.5161194382438, -46.5987496684522], [-72.5163733614161, -46.5988222240681], [-72.5160323713545, -46.5995746650438], [-72.5154044014273, -46.59937888062991]]]}}, {"type": "Feature", "properties": {"name": "Lote 31", "kind": "lote", "area_m2": 5004, "area_ha": 0.5, "centroid": [-72.515241, -46.598735], "status": "disponible", "tier": "por asignar", "scored": false}, "geometry": {"type": "Polygon", "coordinates": [[[-72.5148230266827, -46.5991308358376], [-72.5151050886921, -46.59827135652539], [-72.5153485816952, -46.59833182211109], [-72.5154919160119, -46.5983931928623], [-72.5156913573933, -46.5985103067371], [-72.5154043686294, -46.5993795976985], [-72.5148230266827, -46.5991308358376]]]}}, {"type": "Feature", "properties": {"name": "Lote 32", "kind": "lote", "area_m2": 5008, "area_ha": 0.5, "centroid": [-72.51456, -46.598614], "status": "disponible", "tier": "por asignar", "scored": false}, "geometry": {"type": "Polygon", "coordinates": [[[-72.51420018847, -46.5990061796168], [-72.5144662700254, -46.5981265663512], [-72.5145653954908, -46.598140613769], [-72.5151050886921, -46.59827135652539], [-72.5148230240488, -46.5991308934106], [-72.51420018847, -46.5990061796168]]]}}, {"type": "Feature", "properties": {"name": "Lote 33", "kind": "lote", "area_m2": 5051, "area_ha": 0.51, "centroid": [-72.513917, -46.598592], "status": "disponible", "tier": "por asignar", "scored": false}, "geometry": {"type": "Polygon", "coordinates": [[[-72.5135510460175, -46.5988968579945], [-72.5138140311725, -46.59803473287201], [-72.5144662305019, -46.5981265337411], [-72.51420018847, -46.5990061796168], [-72.5135510460175, -46.5988968579945]]]}}, {"type": "Feature", "properties": {"name": "Lote 34", "kind": "lote", "area_m2": 5290, "area_ha": 0.53, "centroid": [-72.517777, -46.598966], "status": "disponible", "tier": "por asignar", "scores": {"vista": 4.5, "bloqueo_vista": 4.0, "vecinos": 3.5, "ruido": 4.0, "pendiente": 3.0, "construibilidad": 3.5, "acceso": 5.0, "arboles_viejos": 4.0, "biodiversidad": 4.5, "sensib_ecol": 4.0, "riesgos": 4.0}, "punt5": 3.97, "punt100": 79, "stars": 4.0, "agua_missing": true, "scored": true}, "geometry": {"type": "Polygon", "coordinates": [[[-72.517131140713, -46.5986152811584], [-72.5179796132483, -46.59867496071369], [-72.5179771069967, -46.59868135939421], [-72.5179562022981, -46.5988204026277], [-72.5178634396364, -46.598871513939], [-72.517858099317, -46.5988755087044], [-72.5178511436547, -46.5988829072964], [-72.5178495025755, -46.5988857470263], [-72.5178467324732, -46.59889494699631], [-72.5178467035071, -46.5988958400973], [-72.5178470052251, -46.5988999108181], [-72.5178476038131, -46.598904434218], [-72.5178487611325, -46.5989081340717], [-72.5179223822169, -46.5991026013247], [-72.5179236666876, -46.5991052417036], [-72.5179317149504, -46.5991141684451], [-72.5179370241084, -46.5991174002113], [-72.5182307628383, -46.599269037372], [-72.5185805029037, -46.5995123117562], [-72.5172686479377, -46.5992314120594], [-72.5171966121024, -46.5992212306304], [-72.5170560814494, -46.59910949258419], [-72.517131140713, -46.5986152811584]]]}}, {"type": "Feature", "properties": {"name": "lote 35", "kind": "lote", "area_m2": 5003, "area_ha": 0.5, "centroid": [-72.517956, -46.598364], "status": "disponible", "tier": "por asignar", "scored": false}, "geometry": {"type": "Polygon", "coordinates": [[[-72.517979613082, -46.5986749606385], [-72.5171311406426, -46.5986152811373], [-72.5172047709738, -46.5981304772841], [-72.5172047709739, -46.59813047728281], [-72.5186061329825, -46.59807060174949], [-72.5185474350514, -46.5981380685904], [-72.5184351001046, -46.59822106769639], [-72.518225989863, -46.5983361709554], [-72.5182176601532, -46.59834391145199], [-72.5179803670637, -46.5986730379821], [-72.517979613082, -46.5986749606385]]]}}, {"type": "Feature", "properties": {"name": "Lote 36", "kind": "lote", "area_m2": 5040, "area_ha": 0.5, "centroid": [-72.516803, -46.598781], "status": "disponible", "tier": "por asignar", "scored": false}, "geometry": {"type": "Polygon", "coordinates": [[[-72.5169542005206, -46.59902847246731], [-72.5169529348454, -46.5990275029776], [-72.5169492359285, -46.5990251181654], [-72.5166084199746, -46.59883226202151], [-72.5165996922867, -46.5988285255338], [-72.5165958960517, -46.5988274259876], [-72.5163956270807, -46.59877015896761], [-72.5165644740809, -46.5979860381734], [-72.5172047709739, -46.59813047728281], [-72.5170560820446, -46.5991094795631], [-72.5169542005206, -46.59902847246731]]]}}, {"type": "Feature", "properties": {"name": "Lote 37", "kind": "lote", "area_m2": 5022, "area_ha": 0.5, "centroid": [-72.51616, -46.598477], "status": "disponible", "tier": "por asignar", "scored": false}, "geometry": {"type": "Polygon", "coordinates": [[[-72.5163956270807, -46.59877015896761], [-72.5161557145924, -46.5987015552161], [-72.5159601229078, -46.5985973969273], [-72.5156204601817, -46.5983975421501], [-72.5157949288346, -46.5978246837035], [-72.5165644744274, -46.5979860305938], [-72.5163956270913, -46.5987701589655], [-72.5163956270807, -46.59877015896761]]]}}, {"type": "Feature", "properties": {"name": "Lote 38", "kind": "lote", "area_m2": 5037, "area_ha": 0.5, "centroid": [-72.514562, -46.597948], "status": "disponible", "tier": "por asignar", "scored": false}, "geometry": {"type": "Polygon", "coordinates": [[[-72.5145881415169, -46.5980890013114], [-72.5145829557422, -46.59808800576239], [-72.5139054134994, -46.597992120015], [-72.5140473505654, -46.5974591002427], [-72.5151798941216, -46.59771889824011], [-72.5150408603628, -46.5981991720143], [-72.5145881415169, -46.5980890013114]]]}}, {"type": "Feature", "properties": {"name": "lote 39", "kind": "lote", "area_m2": 5004, "area_ha": 0.5, "centroid": [-72.513859, -46.597331], "status": "disponible", "tier": "por asignar", "scored": false}, "geometry": {"type": "Polygon", "coordinates": [[[-72.514187152902, -46.59693412389061], [-72.5139053938641, -46.5979921474443], [-72.5134297890394, -46.5979302700053], [-72.5135839329796, -46.5968629830817], [-72.514187152902, -46.59693412389061]]]}}, {"type": "Feature", "properties": {"name": "lote 40", "kind": "lote", "area_m2": 5098, "area_ha": 0.51, "centroid": [-72.518258, -46.597772], "status": "disponible", "tier": "por asignar", "scored": false}, "geometry": {"type": "Polygon", "coordinates": [[[-72.5182988869585, -46.5976080823871], [-72.5185313998052, -46.5978036137485], [-72.5186204307386, -46.5979144790758], [-72.5186422867137, -46.5980010845796], [-72.5186232217218, -46.5980509584336], [-72.5186062570167, -46.59807045773029], [-72.518606132972, -46.59807060175], [-72.5172047709739, -46.59813047728281], [-72.5176967394765, -46.59747953656], [-72.5179651738822, -46.597544552605], [-72.5179761453262, -46.5975460345645], [-72.5182099635997, -46.5975541470229], [-72.5182891794926, -46.5976000366539], [-72.5182949542758, -46.5976047837397], [-72.5182988869585, -46.5976080823871]]]}}, {"type": "Feature", "properties": {"name": "lote 41", "kind": "lote", "area_m2": 5128, "area_ha": 0.51, "centroid": [-72.516983, -46.597614], "status": "disponible", "tier": "por asignar", "scored": false}, "geometry": {"type": "Polygon", "coordinates": [[[-72.5165644853644, -46.5979860169256], [-72.5163601589609, -46.5973294584166], [-72.516608105187, -46.5973602930022], [-72.5169783093137, -46.5975247554653], [-72.5169833959309, -46.59752666274711], [-72.5169982580245, -46.5975290343403], [-72.5171194427298, -46.5975289978955], [-72.5171281424137, -46.59752832152999], [-72.5175937976517, -46.5974551141521], [-72.5176960737175, -46.5974797585414], [-72.5172047717006, -46.5981304765627], [-72.5165644853644, -46.5979860169256]]]}}, {"type": "Feature", "properties": {"name": "Lote 42", "kind": "lote", "area_m2": 5013, "area_ha": 0.5, "centroid": [-72.515763, -46.597475], "status": "disponible", "tier": "por asignar", "scored": false}, "geometry": {"type": "Polygon", "coordinates": [[[-72.5153588521057, -46.59772596302301], [-72.5155421041182, -46.5972057423668], [-72.5156114187578, -46.5972294516514], [-72.5156174084688, -46.59723092536341], [-72.5157082923731, -46.597247699063], [-72.5157114156448, -46.5972481824144], [-72.5163601580847, -46.5973294583975], [-72.5165644853644, -46.5979860169256], [-72.5157948553693, -46.59782471783419], [-72.5153588521057, -46.59772596302301]]]}}, {"type": "Feature", "properties": {"name": "Lote 43", "kind": "lote", "area_m2": 5010, "area_ha": 0.5, "centroid": [-72.515329, -46.59712], "status": "disponible", "tier": "por asignar", "scored": false}, "geometry": {"type": "Polygon", "coordinates": [[[-72.5144765373568, -46.5973395357693], [-72.5145843120101, -46.5967251011972], [-72.5154897526758, -46.596953321889], [-72.5154626953597, -46.5969779803114], [-72.5154582394537, -46.5969832062549], [-72.5154563334865, -46.59698656235171], [-72.5154453670808, -46.5970109051707], [-72.5154437962111, -46.5970172936156], [-72.5154429680299, -46.5970786567818], [-72.5154442118665, -46.597085329018], [-72.5154566717203, -46.5971189191686], [-72.5154579485437, -46.5971216944767], [-72.5154795423608, -46.5971613542691], [-72.515487651936, -46.5971704655338], [-72.5154883515476, -46.5971709664047], [-72.515531968565, -46.597200746329], [-72.5155421041182, -46.5972057423668], [-72.515542104121, -46.59720574236799], [-72.5154220489701, -46.5975453734142], [-72.5144765373568, -46.5973395357693]]]}}, {"type": "Feature", "properties": {"name": "Lote 44", "kind": "lote", "area_m2": 5001, "area_ha": 0.5, "centroid": [-72.51691, -46.596746], "status": "disponible", "tier": "por asignar", "scores": {"vista": 4.5, "bloqueo_vista": 4.0, "vecinos": 5.0, "ruido": 4.0, "pendiente": 3.5, "construibilidad": 3.5, "acceso": 5.0, "arboles_viejos": 4.0, "biodiversidad": 4.0, "sensib_ecol": 4.0, "riesgos": 4.0}, "punt5": 4.11, "punt100": 82, "stars": 4.0, "agua_missing": true, "scored": true}, "geometry": {"type": "Polygon", "coordinates": [[[-72.5165299855734, -46.59693256269029], [-72.5168388469697, -46.5968176266631], [-72.5168469449799, -46.5968136091837], [-72.5168559170065, -46.5968049914377], [-72.5168586323059, -46.5967991568191], [-72.5168773113625, -46.59673452593981], [-72.5168780464473, -46.5967301031993], [-72.5168755396607, -46.5967197164612], [-72.5167426288778, -46.5965305820898], [-72.5167430023823, -46.59638745186291], [-72.5177784988479, -46.5963527608257], [-72.5178010682162, -46.5968555246954], [-72.5165824352653, -46.5970304943124], [-72.5165299855734, -46.59693256269029]]]}}, {"type": "Feature", "properties": {"name": "Lote 45", "kind": "lote", "area_m2": 5006, "area_ha": 0.5, "centroid": [-72.517849, -46.595581], "status": "disponible", "tier": "por asignar", "scored": false}, "geometry": {"type": "Polygon", "coordinates": [[[-72.5179588007088, -46.5960036532325], [-72.5170931744869, -46.5959639996772], [-72.5171784498771, -46.5955104497059], [-72.517219934846, -46.595522112892], [-72.5172244925735, -46.5955231753727], [-72.5176266726509, -46.59559830285801], [-72.5176356795134, -46.5955992288617], [-72.5176433071779, -46.5955988797578], [-72.5177909389586, -46.5955819849592], [-72.5179582120087, -46.5955480868714], [-72.5179635433055, -46.5955463632685], [-72.5180616578265, -46.5955082567771], [-72.5180692369482, -46.5955044263733], [-72.5180733092601, -46.5955013435204], [-72.5181082698495, -46.5954704837322], [-72.5181127982363, -46.5954653702136], [-72.5181427982976, -46.5954215006037], [-72.5181457905596, -46.59541470007719], [-72.5181655392372, -46.59533221200331], [-72.5186940603806, -46.5955850579828], [-72.5179588007088, -46.5960036532325]]]}}, {"type": "Feature", "properties": {"name": "Lote 46", "kind": "lote", "area_m2": 5001, "area_ha": 0.5, "centroid": [-72.518623, -46.595096], "status": "disponible", "tier": "por asignar", "scores": {"vista": 5.0, "bloqueo_vista": 5.0, "vecinos": 4.0, "ruido": 5.0, "pendiente": 3.0, "construibilidad": 3.0, "acceso": 5.0, "arboles_viejos": 5.0, "biodiversidad": 3.5, "sensib_ecol": 4.0, "riesgos": 4.0}, "punt5": 4.2, "punt100": 84, "stars": 4.0, "agua_missing": true, "scored": true}, "geometry": {"type": "Polygon", "coordinates": [[[-72.5181892102804, -46.59517110062699], [-72.5182293672885, -46.5951260140076], [-72.518296001181, -46.59509283283959], [-72.5183167149609, -46.59508677929651], [-72.5183401606924, -46.5950832752507], [-72.5185176814728, -46.5951041012032], [-72.5185230131509, -46.59510446697941], [-72.5185337423163, -46.5951036742022], [-72.5186943381666, -46.5950759778331], [-72.5187860424688, -46.5950579995871], [-72.5187965558547, -46.5950538541828], [-72.5188581191548, -46.5950198389022], [-72.5188652125853, -46.5950136214052], [-72.5189009169801, -46.59497074887451], [-72.5189041177547, -46.5949627917467], [-72.518913125393, -46.5949091069727], [-72.5189118291416, -46.59490132056699], [-72.5188934154117, -46.594854140288], [-72.5195831527932, -46.5948223799807], [-72.519576475437, -46.595093744878], [-72.5186940603808, -46.595585057983], [-72.5181655392372, -46.59533221200331], [-72.5181722684635, -46.5953041001188], [-72.5181727715146, -46.5953005563451], [-72.5181757900463, -46.59518925991], [-72.5181892102804, -46.59517110062699]]]}}, {"type": "Feature", "properties": {"name": "Lote 47", "kind": "lote", "area_m2": 5017, "area_ha": 0.5, "centroid": [-72.517644, -46.595352], "status": "disponible", "tier": "por asignar", "scores": {"vista": 5.0, "bloqueo_vista": 5.0, "vecinos": 4.5, "ruido": 5.0, "pendiente": 3.0, "construibilidad": 3.5, "acceso": 5.0, "arboles_viejos": 5.0, "biodiversidad": 3.5, "sensib_ecol": 4.0, "riesgos": 4.0}, "punt5": 4.3, "punt100": 86, "stars": 4.5, "agua_missing": true, "scored": true}, "geometry": {"type": "Polygon", "coordinates": [[[-72.518043832831, -46.5954396404471], [-72.5180164000499, -46.5954638778456], [-72.5179290751803, -46.5954977985876], [-72.5177727204002, -46.5955294009073], [-72.5176389250036, -46.5955446726234], [-72.5172473153509, -46.5954715208034], [-72.5171298670151, -46.59543843011161], [-72.5171069608944, -46.595431913292], [-72.5169286918154, -46.59489312170219], [-72.5173553530047, -46.59472769277809], [-72.5180945542949, -46.5952972448141], [-72.5180694267677, -46.5954022029616], [-72.518043832831, -46.5954396404471]]]}}, {"type": "Feature", "properties": {"name": "Lote 48", "kind": "lote", "area_m2": 5015, "area_ha": 0.5, "centroid": [-72.518368, -46.594933], "status": "disponible", "tier": "por asignar", "scored": false}, "geometry": {"type": "Polygon", "coordinates": [[[-72.5187538571059, -46.59500828754741], [-72.5186736089832, -46.59502392970661], [-72.5185227154172, -46.5950499409268], [-72.5183411498739, -46.5950286449888], [-72.5183309688898, -46.5950294169559], [-72.5182929405603, -46.5950351173069], [-72.5182618503763, -46.5950442024847], [-72.5182537343335, -46.5950472977636], [-72.518176446251, -46.5950858331053], [-72.51817318892, -46.5950877058867], [-72.5181667459549, -46.5950931882628], [-72.518121442045, -46.5951439644084], [-72.5181011286419, -46.5951714394829], [-72.5180976803917, -46.59518160058629], [-72.5180945542949, -46.5952972448141], [-72.5173553530048, -46.59472769277809], [-72.5180597720018, -46.594454565255], [-72.5180718105359, -46.5944605684191], [-72.5181864694103, -46.59449729726789], [-72.5183613608212, -46.5945943240782], [-72.5185416728143, -46.5947447841513], [-72.5185490183501, -46.5947490015321], [-72.518779516401, -46.5948513052396], [-72.5188218920284, -46.5948782091444], [-72.5188342448294, -46.5949102206331], [-72.5188272979417, -46.594950971672], [-72.5188011082675, -46.5949822643394], [-72.5187538571059, -46.59500828754741]]]}}, {"type": "Feature", "properties": {"name": "Lote 49", "kind": "lote", "area_m2": 5018, "area_ha": 0.5, "centroid": [-72.517511, -46.594422], "status": "disponible", "tier": "por asignar", "scored": false}, "geometry": {"type": "Polygon", "coordinates": [[[-72.5169963610094, -46.5948668835813], [-72.5169287131922, -46.5948931122413], [-72.5165777513484, -46.59447274886501], [-72.5178275448158, -46.59405726219989], [-72.5178102976501, -46.5941219167811], [-72.517809671718, -46.5941259480714], [-72.51781149675, -46.5941349835849], [-72.5178973305826, -46.59432072105471], [-72.5179041509939, -46.5943286834032], [-72.5180597720018, -46.594454565255], [-72.5169963610094, -46.5948668835813]]]}}, {"type": "Feature", "properties": {"name": "Lote 50", "kind": "lote", "area_m2": 5023, "area_ha": 0.5, "centroid": [-72.518726, -46.594609], "status": "disponible", "tier": "por asignar", "scores": {"vista": 4.0, "bloqueo_vista": 4.0, "vecinos": 4.0, "ruido": 4.0, "pendiente": 3.5, "construibilidad": 4.0, "acceso": 4.0, "arboles_viejos": 4.0, "biodiversidad": 3.5, "sensib_ecol": 4.0, "riesgos": 4.0}, "punt5": 3.9, "punt100": 78, "stars": 4.0, "agua_missing": true, "scored": true}, "geometry": {"type": "Polygon", "coordinates": [[[-72.5195831527932, -46.5948223799807], [-72.5188934154117, -46.594854140288], [-72.518885333024, -46.5948452055959], [-72.5188280984305, -46.59480870179151], [-72.5185965239496, -46.5947058942796], [-72.5184172633751, -46.5945560865595], [-72.5182318440168, -46.594453190241], [-72.5182237969417, -46.5944497406632], [-72.5181125663995, -46.5944141089661], [-72.5180013714799, -46.59432412151929], [-72.5193548564708, -46.5942579287238], [-72.5195831527932, -46.5948223799807]]]}}, {"type": "Feature", "properties": {"name": "Lote 51", "kind": "lote", "area_m2": 5017, "area_ha": 0.5, "centroid": [-72.51826, -46.594091], "status": "disponible", "tier": "por asignar", "scores": {"vista": 5.0, "bloqueo_vista": 5.0, "vecinos": 4.0, "ruido": 4.5, "pendiente": 3.5, "construibilidad": 4.0, "acceso": 4.0, "arboles_viejos": 5.0, "biodiversidad": 3.5, "sensib_ecol": 4.0, "riesgos": 4.0}, "punt5": 4.28, "punt100": 86, "stars": 4.5, "agua_missing": true, "scored": true}, "geometry": {"type": "Polygon", "coordinates": [[[-72.5179688637551, -46.594297820208], [-72.5178890717615, -46.59412504113659], [-72.5179167861803, -46.5940211451522], [-72.5179736907978, -46.59397819458551], [-72.5180966569091, -46.5938916838153], [-72.5181431380809, -46.593861596144], [-72.5192880109579, -46.5938580922754], [-72.5193548572757, -46.5942579288485], [-72.5180013647832, -46.5943241210865], [-72.5179688637551, -46.594297820208]]]}}, {"type": "Feature", "properties": {"name": "Lote 52", "kind": "lote", "area_m2": 5013, "area_ha": 0.5, "centroid": [-72.517673, -46.593968], "status": "disponible", "tier": "por asignar", "scored": false}, "geometry": {"type": "Polygon", "coordinates": [[[-72.5178275441736, -46.59405726218599], [-72.5168748758476, -46.59437397336801], [-72.5167277645159, -46.5941729514845], [-72.5170648342261, -46.5936435062003], [-72.5181487341464, -46.5937148074945], [-72.5181050001885, -46.59381224633479], [-72.5180417258852, -46.593853146108], [-72.5179167346658, -46.5939411186088], [-72.5178514095752, -46.5939904580094], [-72.5178446356288, -46.5939975507862], [-72.5178418150847, -46.5940037845428], [-72.5178275441736, -46.59405726218599]]]}}, {"type": "Feature", "properties": {"name": "Lote 53", "kind": "lote", "area_m2": 5022, "area_ha": 0.5, "centroid": [-72.518566, -46.59366], "status": "disponible", "tier": "por asignar", "scores": {"vista": 4.5, "bloqueo_vista": 4.0, "vecinos": 4.0, "ruido": 4.0, "pendiente": 4.0, "construibilidad": 4.5, "acceso": 4.0, "arboles_viejos": 4.0, "biodiversidad": 4.0, "sensib_ecol": 4.0, "riesgos": 4.0}, "punt5": 4.14, "punt100": 83, "stars": 4.0, "agua_missing": true, "scored": true}, "geometry": {"type": "Polygon", "coordinates": [[[-72.519288048766, -46.5938580767246], [-72.518143138123, -46.5938615961327], [-72.5181661271589, -46.5938467161676], [-72.5181750087239, -46.5938381496595], [-72.5181767221186, -46.5938350345164], [-72.5182236899404, -46.59373052422], [-72.5182582017622, -46.59364046758931], [-72.5182972088482, -46.59358770402979], [-72.5185392008214, -46.5934482272237], [-72.5185480698557, -46.5934398763155], [-72.5187291957028, -46.59317788980399], [-72.5195234295293, -46.59345393129999], [-72.519288048766, -46.5938580767246]]]}}, {"type": "Feature", "properties": {"name": "Lote 54", "kind": "lote", "area_m2": 5018, "area_ha": 0.5, "centroid": [-72.518074, -46.593439], "status": "disponible", "tier": "por asignar", "scored": false}, "geometry": {"type": "Polygon", "coordinates": [[[-72.5181857159431, -46.5936197117993], [-72.5181835736668, -46.5936238923922], [-72.5181487341464, -46.5937148074945], [-72.517064834226, -46.5936435062001], [-72.5172720902881, -46.59316345729481], [-72.517485743072, -46.5931984628754], [-72.5182247662305, -46.5932328502657], [-72.5186186718262, -46.59317670572459], [-72.5186351933205, -46.5931884079223], [-72.518481066268, -46.5934113419063], [-72.5182394229797, -46.59355063627221], [-72.5182312432848, -46.5935579601889], [-72.5181857159431, -46.5936197117993]]]}}, {"type": "Feature", "properties": {"name": "lote 55", "kind": "lote", "area_m2": 5006, "area_ha": 0.5, "centroid": [-72.519204, -46.592914], "status": "disponible", "tier": "por asignar", "scored": false}, "geometry": {"type": "Polygon", "coordinates": [[[-72.5187291957028, -46.59317788980399], [-72.518747501777, -46.5931514093118], [-72.5192740820473, -46.5927068465943], [-72.5192794365074, -46.59270090275199], [-72.5192820128524, -46.59269551223301], [-72.519376059686, -46.5923974579038], [-72.5198946494032, -46.5927663590937], [-72.5195234082116, -46.5934539138503], [-72.5187291957028, -46.59317788980399]]]}}, {"type": "Feature", "properties": {"name": "Lote 56", "kind": "lote", "area_m2": 5003, "area_ha": 0.5, "centroid": [-72.520262, -46.599952], "status": "disponible", "tier": "por asignar", "scored": false}, "geometry": {"type": "Polygon", "coordinates": [[[-72.5203893286227, -46.6004013352021], [-72.5199738036519, -46.59989124450901], [-72.5199902917956, -46.5998817951077], [-72.5199972815848, -46.59987658755651], [-72.5200057793945, -46.5998697203469], [-72.5200361799513, -46.59984471217079], [-72.5200495219945, -46.5998303343755], [-72.5203135512364, -46.59944277644459], [-72.5206435794632, -46.5996440070158], [-72.5210918258526, -46.6003862102056], [-72.5203893286227, -46.6004013352021]]]}}, {"type": "Feature", "properties": {"name": "Lote 57", "kind": "lote", "area_m2": 5005, "area_ha": 0.5, "centroid": [-72.519607, -46.599986], "status": "disponible", "tier": "por asignar", "scored": false}, "geometry": {"type": "Polygon", "coordinates": [[[-72.5190720801053, -46.5998185436171], [-72.5192072791623, -46.5998735525466], [-72.5192154940792, -46.5998764807355], [-72.5192334697913, -46.5998808429061], [-72.5195960047425, -46.5999424135529], [-72.5196095225321, -46.5999440166611], [-72.5196663786849, -46.5999480222771], [-72.5196732332671, -46.5999483329461], [-72.5196856098208, -46.5999480532358], [-72.5197695710645, -46.5999424362416], [-72.5197860125859, -46.59994053351091], [-72.5199135786965, -46.59991742523], [-72.5199232695431, -46.5999152911062], [-72.5199509323308, -46.5999042391397], [-72.5199738036516, -46.5998912445088], [-72.5203893305751, -46.6004013315153], [-72.5198039525759, -46.60041388073639], [-72.5189840313038, -46.60041320394039], [-72.5190720801053, -46.5998185436171]]]}}, {"type": "Feature", "properties": {"name": "Lote 58", "kind": "lote", "area_m2": 5007, "area_ha": 0.5, "centroid": [-72.517163, -46.592763], "status": "disponible", "tier": "por asignar", "scored": false}, "geometry": {"type": "Polygon", "coordinates": [[[-72.5169960132705, -46.59306173218749], [-72.5166601406479, -46.59294166168899], [-72.5172424386973, -46.5921151544506], [-72.5177839118659, -46.5922833837831], [-72.5172977752634, -46.5931118265333], [-72.5169960132705, -46.59306173218749]]]}}, {"type": "Feature", "properties": {"name": "Lote 59", "kind": "lote", "area_m2": 5018, "area_ha": 0.5, "centroid": [-72.516697, -46.592248], "status": "disponible", "tier": "por asignar", "scored": false}, "geometry": {"type": "Polygon", "coordinates": [[[-72.5167384330489, -46.59189991026881], [-72.5172424387466, -46.5921151544078], [-72.5166601406479, -46.59294166168899], [-72.5160651248566, -46.5927289765085], [-72.5167384330445, -46.5918999102699], [-72.5167384330489, -46.59189991026881]]]}}, {"type": "Feature", "properties": {"name": "Lote 60", "kind": "lote", "area_m2": 5009, "area_ha": 0.5, "centroid": [-72.516044, -46.592178], "status": "disponible", "tier": "por asignar", "scored": false}, "geometry": {"type": "Polygon", "coordinates": [[[-72.5156074509296, -46.5923121050765], [-72.51620346714, -46.5916384552353], [-72.5167384330489, -46.59189991026881], [-72.5160651248566, -46.59272897650769], [-72.5156074509296, -46.5923121050765]]]}}, {"type": "Feature", "properties": {"name": "Lote 61", "kind": "lote", "area_m2": 5004, "area_ha": 0.5, "centroid": [-72.516244, -46.591224], "status": "disponible", "tier": "por asignar", "scored": false}, "geometry": {"type": "Polygon", "coordinates": [[[-72.5165791070645, -46.59160005525801], [-72.5163358963009, -46.5915705469872], [-72.5152606531635, -46.59098928684771], [-72.5160525751815, -46.59086091059889], [-72.5160574437518, -46.5908598876853], [-72.5160610026764, -46.59085862751009], [-72.5170226322678, -46.5914526066859], [-72.5165791070645, -46.59160005525801]]]}}, {"type": "Feature", "properties": {"name": "Lote 62", "kind": "lote", "area_m2": 5005, "area_ha": 0.5, "centroid": [-72.516558, -46.59085], "status": "disponible", "tier": "por asignar", "scored": false}, "geometry": {"type": "Polygon", "coordinates": [[[-72.5160653625232, -46.5908570819365], [-72.5165400524408, -46.5906385450714], [-72.5165485518566, -46.59063383452879], [-72.5165543423024, -46.5906279773295], [-72.516594512515, -46.5905811911891], [-72.5175702364624, -46.59114754286981], [-72.5170225405203, -46.5914525679228], [-72.5160610027228, -46.59085862753949], [-72.5160653625232, -46.5908570819365]]]}}, {"type": "Feature", "properties": {"name": "Lote 63", "kind": "lote", "area_m2": 5022, "area_ha": 0.5, "centroid": [-72.520043, -46.591855], "status": "disponible", "tier": "por asignar", "scored": false}, "geometry": {"type": "Polygon", "coordinates": [[[-72.5194780967786, -46.59171230780069], [-72.5199551615735, -46.59152580598089], [-72.5199626558712, -46.5915219970202], [-72.519964667551, -46.59152059619459], [-72.5200610916551, -46.5914483038998], [-72.5207363037446, -46.5921950958531], [-72.5205551252786, -46.5922833881465], [-72.5202857324246, -46.5923351939385], [-72.5199542225877, -46.59229635096311], [-72.5194780967786, -46.59171230780069]]]}}, {"type": "Feature", "properties": {"name": "Lote 64", "kind": "lote", "area_m2": 5016, "area_ha": 0.5, "centroid": [-72.520553, -46.59161], "status": "disponible", "tier": "por asignar", "scored": false}, "geometry": {"type": "Polygon", "coordinates": [[[-72.5201292358518, -46.5913972133695], [-72.5204222694404, -46.5912601676799], [-72.5205685575728, -46.5911839759056], [-72.5213220095909, -46.59196124688269], [-72.5210553434859, -46.5920396192792], [-72.5207363037508, -46.5921950958532], [-72.5200610916551, -46.5914483038998], [-72.5201292358518, -46.5913972133695]]]}}, {"type": "Feature", "properties": {"name": "lote 65", "kind": "lote", "area_m2": 5025, "area_ha": 0.5, "centroid": [-72.521047, -46.591324], "status": "disponible", "tier": "por asignar", "scored": false}, "geometry": {"type": "Polygon", "coordinates": [[[-72.5208129303086, -46.5910566993017], [-72.5208161292958, -46.5910548399507], [-72.5208194842895, -46.591052383113], [-72.5210025514035, -46.5909000101438], [-72.5218468989963, -46.5917181077486], [-72.5214202015909, -46.591932425767], [-72.5213222318144, -46.59196120471179], [-72.5205685575749, -46.5911839759057], [-72.5208129303086, -46.5910566993017]]]}}, {"type": "Feature", "properties": {"name": "lote 66", "kind": "lote", "area_m2": 5023, "area_ha": 0.5, "centroid": [-72.521514, -46.591231], "status": "disponible", "tier": "por asignar", "scored": false}, "geometry": {"type": "Polygon", "coordinates": [[[-72.5210206514222, -46.5908849457556], [-72.5210261814256, -46.59087883656881], [-72.5210282430292, -46.5908749003014], [-72.521122573331, -46.5906394642996], [-72.5223405725915, -46.5913147853748], [-72.5221382471217, -46.5915613292808], [-72.5218972197946, -46.5916927965333], [-72.5218683104946, -46.5917072958887], [-72.5218545526423, -46.5917141960846], [-72.5218468989963, -46.5917181077486], [-72.5210025518076, -46.5909000101526], [-72.5210206514222, -46.5908849457556]]]}}, {"type": "Feature", "properties": {"name": "lote 67", "kind": "lote", "area_m2": 5219, "area_ha": 0.52, "centroid": [-72.521789, -46.590715], "status": "disponible", "tier": "por asignar", "scored": false}, "geometry": {"type": "Polygon", "coordinates": [[[-72.521219155343, -46.5904008181436], [-72.5213576044591, -46.5903403917555], [-72.5226443566452, -46.59093218787261], [-72.5226196009324, -46.5909747753253], [-72.5223405731982, -46.5913147844209], [-72.521122573331, -46.5906394642996], [-72.521219155343, -46.5904008181436]]]}}, {"type": "Feature", "properties": {"name": "Lote 68", "kind": "lote", "area_m2": 7998, "area_ha": 0.8, "centroid": [-72.52217, -46.59021], "status": "disponible", "tier": "por asignar", "scored": false}, "geometry": {"type": "Polygon", "coordinates": [[[-72.5213576052699, -46.5903403739805], [-72.5216054600495, -46.59023211179801], [-72.522001111307, -46.5901055368468], [-72.5222457548896, -46.5899850270029], [-72.5224542883434, -46.58996770852909], [-72.5226980612041, -46.5899568929348], [-72.5231681630081, -46.5900310325604], [-72.5226443529292, -46.59093218779211], [-72.5213576052699, -46.5903403739805]]]}}, {"type": "Feature", "properties": {"name": "Lote 69", "kind": "lote", "area_m2": 5033, "area_ha": 0.5, "centroid": [-72.521542, -46.589965], "status": "disponible", "tier": "por asignar", "scored": false}, "geometry": {"type": "Polygon", "coordinates": [[[-72.521962007125, -46.5900585919332], [-72.5215699284395, -46.5901840747587], [-72.5215654953057, -46.5901857450813], [-72.5213651285809, -46.5902732120407], [-72.5206732853964, -46.58958370169401], [-72.5212506583299, -46.5893273216169], [-72.5219866808997, -46.59004641475709], [-72.521962007125, -46.5900585919332]]]}}, {"type": "Feature", "properties": {"name": "Lote 70", "kind": "lote", "area_m2": 5035, "area_ha": 0.5, "centroid": [-72.520996, -46.590255], "status": "disponible", "tier": "por asignar", "scored": false}, "geometry": {"type": "Polygon", "coordinates": [[[-72.5211587400428, -46.59036387980461], [-72.5211498587967, -46.5903724458221], [-72.5211478331232, -46.5903762966231], [-72.5210274108666, -46.59067377578841], [-72.5201183304424, -46.5899268086009], [-72.5206732992984, -46.5895836924843], [-72.5213651253909, -46.5902732116364], [-72.5211645955311, -46.5903607512757], [-72.5211587400428, -46.59036387980461]]]}}, {"type": "Feature", "properties": {"name": "Lote71", "kind": "lote", "area_m2": 5042, "area_ha": 0.5, "centroid": [-72.520588, -46.590688], "status": "disponible", "tier": "por asignar", "scored": false}, "geometry": {"type": "Polygon", "coordinates": [[[-72.5207620985234, -46.59101551940349], [-72.5206713742268, -46.5910627819771], [-72.519822589907, -46.59026463118909], [-72.5201183304424, -46.5899268086009], [-72.5210274006469, -46.5906737824041], [-72.5209549974007, -46.5908549787512], [-72.5207620985234, -46.59101551940349]]]}}, {"type": "Feature", "properties": {"name": "Lote 72", "kind": "lote", "area_m2": 5028, "area_ha": 0.5, "centroid": [-72.520169, -46.590969], "status": "disponible", "tier": "por asignar", "scored": false}, "geometry": {"type": "Polygon", "coordinates": [[[-72.5203763876922, -46.5912164412493], [-72.5201337793622, -46.5913298706814], [-72.5193990793712, -46.59048989935919], [-72.5198225779484, -46.5902646285434], [-72.5206713742253, -46.59106278197071], [-72.5204013104179, -46.591203438443], [-72.5203763876922, -46.5912164412493]]]}}, {"type": "Feature", "properties": {"name": "Lote 73", "kind": "lote", "area_m2": 5041, "area_ha": 0.5, "centroid": [-72.519653, -46.591186], "status": "disponible", "tier": "por asignar", "scored": false}, "geometry": {"type": "Polygon", "coordinates": [[[-72.5190059195375, -46.5909402810329], [-72.5193990792262, -46.5904898993583], [-72.5201337793622, -46.5913298706814], [-72.5200811090369, -46.591354520124], [-72.5200764375285, -46.59135715504199], [-72.5199111947372, -46.5914809474208], [-72.5196113180276, -46.5915981706619], [-72.5190059195375, -46.5909402810329]]]}}, {"type": "Feature", "properties": {"name": "Lote 74", "kind": "lote", "area_m2": 5022, "area_ha": 0.5, "centroid": [-72.518853, -46.591359], "status": "disponible", "tier": "por asignar", "scored": false}, "geometry": {"type": "Polygon", "coordinates": [[[-72.5183473338203, -46.5912001509718], [-72.5190059195408, -46.5909402810354], [-72.5196113862193, -46.59159822072689], [-72.5189511037853, -46.5918561191054], [-72.5183473338203, -46.5912001509718]]]}}, {"type": "Feature", "properties": {"name": "Lote 75", "kind": "lote", "area_m2": 5053, "area_ha": 0.51, "centroid": [-72.5238, -46.589799], "status": "disponible", "tier": "por asignar", "scored": false}, "geometry": {"type": "Polygon", "coordinates": [[[-72.5232626072131, -46.58999042934781], [-72.5232626672143, -46.5895428328933], [-72.5245909023363, -46.5895182772876], [-72.5246197432318, -46.5899539203139], [-72.5232626072131, -46.58999042934781]]]}}, {"type": "Feature", "properties": {"name": "Lote 76", "kind": "lote", "area_m2": 5041, "area_ha": 0.5, "centroid": [-72.523812, -46.58936], "status": "disponible", "tier": "por asignar", "scored": false}, "geometry": {"type": "Polygon", "coordinates": [[[-72.5232626672143, -46.5895428328933], [-72.5232627364826, -46.58910247942559], [-72.5246809710437, -46.58909549524941], [-72.524590902342, -46.5895182772872], [-72.5232626672143, -46.5895428328933]]]}}, {"type": "Feature", "properties": {"name": "Llote 77", "kind": "lote", "area_m2": 5015, "area_ha": 0.5, "centroid": [-72.523756, -46.588814], "status": "disponible", "tier": "por asignar", "scored": false}, "geometry": {"type": "Polygon", "coordinates": [[[-72.5232635724474, -46.5886270455887], [-72.5243107469321, -46.5886179347153], [-72.5246809845762, -46.589095487758], [-72.5232627324591, -46.5891024810316], [-72.5232635724474, -46.5886270455887]]]}}, {"type": "Feature", "properties": {"name": "Lote 78", "kind": "lote", "area_m2": 84991, "area_ha": 8.5, "centroid": [-72.519111, -46.588573], "status": "disponible", "tier": "por asignar", "scored": false}, "geometry": {"type": "Polygon", "coordinates": [[[-72.516594512515, -46.5905811911891], [-72.5169347980703, -46.59018473373069], [-72.5176829694321, -46.5898719991938], [-72.5176894688594, -46.5898685965808], [-72.5176983498217, -46.5898600300929], [-72.5177011689005, -46.58985382086931], [-72.5177538605618, -46.5896569868384], [-72.5181495104923, -46.5895160179906], [-72.5181583488906, -46.5895117297918], [-72.5181628471937, -46.58950823268629], [-72.5184382009279, -46.5892550678035], [-72.5190344679006, -46.5889001861984], [-72.5190437002263, -46.5888912929606], [-72.5190471496391, -46.58888103550499], [-72.5190460683515, -46.58887383205941], [-72.5189582161441, -46.5886238476885], [-72.5193494746448, -46.5884407401527], [-72.5196539091434, -46.5884162007709], [-72.5196631981144, -46.5884146416253], [-72.519675531195, -46.5884094668261], [-72.5199974719819, -46.5882099175306], [-72.5200016839631, -46.5882065484061], [-72.520005987052, -46.5882023529495], [-72.52000779171, -46.58819959375481], [-72.5201347376635, -46.5879705910839], [-72.5201372948801, -46.5879618115689], [-72.5201366869146, -46.5879561357139], [-72.5201196695618, -46.5878915316008], [-72.5201177730836, -46.5878868151476], [-72.5201146303009, -46.58788236480889], [-72.5200323829688, -46.5877888163369], [-72.5200274443218, -46.5877843320931], [-72.5200152258831, -46.5877782748551], [-72.5198919511749, -46.5877392995169], [-72.5196848468875, -46.58765996718701], [-72.519500287692, -46.5874879345921], [-72.5194376403388, -46.5875203023286], [-72.5196269949313, -46.5876967984488], [-72.5196298817358, -46.5876991857142], [-72.5196394052982, -46.5877043024524], [-72.5198552473913, -46.5877869840184], [-72.5198579442592, -46.58778792495351], [-72.5199716663557, -46.58782388009309], [-72.5200439352805, -46.587906079194], [-72.520057710791, -46.5879583627024], [-72.5199380683348, -46.5881741934872], [-72.5196324535847, -46.58836359007081], [-72.5193308915134, -46.5883878408283], [-72.5193215922245, -46.58838944284641], [-72.5193134301006, -46.5883923756987], [-72.5188918005626, -46.58858969663479], [-72.5188869909896, -46.5885923515881], [-72.5188781122849, -46.58860092032241], [-72.5188746718022, -46.58861120737091], [-72.5188757423821, -46.5886183789341], [-72.5189643553152, -46.5888705291182], [-72.5183805607626, -46.5892181829921], [-72.5181055998571, -46.5894709088559], [-72.5177008757445, -46.589615110714], [-72.5176932594527, -46.5896188233899], [-72.516929808632, -46.5889421002916], [-72.5187666374216, -46.5879984274806], [-72.5179755914195, -46.5872289992219], [-72.5197050713489, -46.58643273674861], [-72.5209743718429, -46.5875290388139], [-72.5208614885319, -46.5885574642984], [-72.5200017092736, -46.58957891797889], [-72.5175702364625, -46.59114754286981], [-72.516594512515, -46.5905811911891]]]}}, {"type": "Feature", "properties": {"name": "1", "kind": "acceso"}, "geometry": {"type": "LineString", "coordinates": [[-72.5215683878696, -46.5966239406462], [-72.5215656392382, -46.59662556175931], [-72.5215567577238, -46.5966341285289], [-72.5215533082297, -46.5966443860472], [-72.5215534668559, -46.5966478045228], [-72.5216438839159, -46.5973058017188]]}}, {"type": "Feature", "properties": {"name": "1", "kind": "acceso"}, "geometry": {"type": "LineString", "coordinates": [[-72.5217172110078, -46.5972608140125], [-72.52163345777, -46.5966574209504], [-72.5246547998922, -46.5950358618325], [-72.5246575483519, -46.5950342406415], [-72.5246664291154, -46.5950256736142], [-72.5246698779101, -46.5950154159859], [-72.5246688715993, -46.5950112488276]]}}, {"type": "Feature", "properties": {"name": "Acceso Camino Principal", "kind": "lote", "area_m2": 21427, "area_ha": 2.14, "centroid": [-72.518517, -46.599107], "status": "disponible", "tier": "por asignar"}, "geometry": {"type": "Polygon", "coordinates": [[[-72.5253250760139, -46.5953524280994], [-72.5253372458392, -46.5953485831771], [-72.5253616667972, -46.595345782127], [-72.5253716507353, -46.59541083949329], [-72.5253709160165, -46.59548915962121], [-72.5253427543352, -46.5954982377818], [-72.5253229057394, -46.595516640528], [-72.5252814508284, -46.5955619347066], [-72.525203577015, -46.5956949526939], [-72.5251353068711, -46.5958197013343], [-72.525133401419, -46.5958216634529], [-72.5251324923558, -46.5958242906984], [-72.5249323711808, -46.5961196889569], [-72.5249316238928, -46.5961204001662], [-72.5249224933297, -46.5961311548214], [-72.5248018160744, -46.5962440843327], [-72.5247900145055, -46.5962532511497], [-72.5247871106458, -46.5962544995746], [-72.5247853653338, -46.5962560752486], [-72.5246554444696, -46.5963300919413], [-72.5246441539517, -46.59633461016769], [-72.5246333756977, -46.5963395749622], [-72.5225842085356, -46.59697744227189], [-72.5223382752774, -46.5970794594596], [-72.5220742376311, -46.5972239675062], [-72.5212750213411, -46.5977079684801], [-72.5210015996389, -46.5979273291883], [-72.5208763161247, -46.59804180630789], [-72.520614711383, -46.59839322224091], [-72.5205029343274, -46.59864985267799], [-72.5203166199813, -46.59943036834271], [-72.5203092453671, -46.59944718033319], [-72.5203088590439, -46.59944755293269], [-72.5203087098401, -46.5994479837022], [-72.5200495237995, -46.5998301766157], [-72.5200480406715, -46.5998315874029], [-72.5200358448691, -46.5998449642705], [-72.519998135644, -46.5998759517638], [-72.519990144362, -46.59988177731879], [-72.5199871785359, -46.5998830521201], [-72.5199854011077, -46.599884654413], [-72.519950933594, -46.5999042374801], [-72.5199232709477, -46.5999152893934], [-72.5199135843757, -46.59991742274829], [-72.519786210219, -46.5999405244851], [-72.519779127343, -46.59994107811059], [-72.5197706434811, -46.5999424374784], [-72.5196856352757, -46.5999480545261], [-72.5196732160627, -46.599948329013], [-72.5196695027231, -46.59994773562449], [-72.5196663894451, -46.5999480160211], [-72.5196095300537, -46.5999440292196], [-72.5196058499058, -46.599943346892], [-72.5195960081887, -46.5999424145691], [-72.5192329164622, -46.5998807178764], [-72.5192160612175, -46.5998767003121], [-72.5192064209195, -46.5998732434156], [-72.5187658155184, -46.5996931523535], [-72.5172170580082, -46.59936165904661], [-72.5171326672998, -46.5993500264084], [-72.5170879223347, -46.5993456927252], [-72.5170530916878, -46.5993454780191], [-72.5170476307484, -46.5993465861416], [-72.5170380197318, -46.5993507073276], [-72.5170437153, -46.59935812868341], [-72.5170577654674, -46.5993704694755], [-72.5170718556195, -46.5993792187027], [-72.5170838738757, -46.59938302630459], [-72.5174123320383, -46.59942923580649], [-72.5174180358161, -46.5994305071683], [-72.5174221760343, -46.59943099228709], [-72.5174600888573, -46.5994392272918], [-72.5174709560993, -46.5994420873026], [-72.5174839801455, -46.59944699249369], [-72.5175070599485, -46.599457323753], [-72.5175251060847, -46.5994677251092], [-72.51754930852, -46.5994854925335], [-72.5175614953742, -46.5994965196813], [-72.5175852823902, -46.5995233779878], [-72.517585979452, -46.5995243609595], [-72.5175867056988, -46.5995250379508], [-72.517620292865, -46.5995655194218], [-72.5176268897849, -46.5995751692793], [-72.5176296787172, -46.5995810639117], [-72.5176727180115, -46.5996885573557], [-72.5176727296405, -46.5996886244551], [-72.5176728267393, -46.5996888311548], [-72.5177197054701, -46.5998078641268], [-72.5177200290616, -46.5998097651975], [-72.5177216152789, -46.59981373877561], [-72.5177586180478, -46.599957316891], [-72.5177600782397, -46.59997124061449], [-72.5177588217447, -46.59998009678421], [-72.5177478369212, -46.60002599865101], [-72.5177404672929, -46.6000427859306], [-72.5177307456757, -46.6000543904426], [-72.517685177553, -46.6000980953658], [-72.51767269243, -46.6001079069597], [-72.5176726603578, -46.6001079207443], [-72.5176726384104, -46.60010794189339], [-72.5175963815268, -46.60015721865631], [-72.5175963490156, -46.6001572326178], [-72.5175862675567, -46.60016292924671], [-72.5174878188251, -46.6002113201431], [-72.5174854821644, -46.6002121799235], [-72.5174824715472, -46.6002137702102], [-72.5172669794144, -46.6003056276452], [-72.5172500879604, -46.6003113603231], [-72.5172497014552, -46.600311404644], [-72.5172493746932, -46.6003115438704], [-72.5171436280078, -46.600338433418], [-72.5171392532246, -46.6003389230292], [-72.5171115193595, -46.6003425922628], [-72.5169535196482, -46.6003445605241], [-72.5169512642495, -46.6003442404353], [-72.5169486685803, -46.6003445380757], [-72.5169326347972, -46.6003432723473], [-72.5167705639594, -46.6003210263868], [-72.5167493940471, -46.60031634606059], [-72.5167477039104, -46.6003155134202], [-72.5167458908899, -46.60031519743251], [-72.5163330540062, -46.6001728516209], [-72.5162628216985, -46.6001574947887], [-72.5162260897561, -46.6001612372601], [-72.5161968740674, -46.6001713055001], [-72.5161541133428, -46.60018774983039], [-72.5161299592108, -46.6001998408312], [-72.5161051782648, -46.60022765944899], [-72.5160871078392, -46.6002671295082], [-72.5160958220992, -46.60047010828909], [-72.5160955047174, -46.6004768328087], [-72.5160954494816, -46.6004772380013], [-72.5160955335316, -46.6004776507757], [-72.5160952219054, -46.600480254386], [-72.516093730089, -46.6004818582661], [-72.5155619767368, -46.6004798220995], [-72.5153043722841, -46.6002925159192], [-72.5152120764734, -46.6002602470742], [-72.5151190776635, -46.60024710251971], [-72.5150309236457, -46.6002581324875], [-72.5146578554949, -46.6003936993458], [-72.5146467964437, -46.600397132443], [-72.5146186044526, -46.6004013409041], [-72.5143284573374, -46.60041443661541], [-72.5141891539583, -46.6004664609254], [-72.5141771125701, -46.6004702558554], [-72.5133872183827, -46.6004650129955], [-72.5130103083312, -46.6002884614126], [-72.5130326334613, -46.60013413926491], [-72.5136024242101, -46.6004039994434], [-72.5137929472427, -46.60040251647289], [-72.5141044934204, -46.6003427155938], [-72.5142540451087, -46.6002887627906], [-72.5142660864511, -46.60028496785139], [-72.5142942784053, -46.6002807594765], [-72.5145850064493, -46.6002676375852], [-72.5149529633201, -46.6001339280607], [-72.5149640222988, -46.6001304949323], [-72.5149811284407, -46.6001272269917], [-72.5151027261517, -46.6001120124898], [-72.5151232929804, -46.60011096116509], [-72.5151398702248, -46.60011230287061], [-72.5152642854373, -46.6001298878499], [-72.5152849115556, -46.6001344927227], [-72.5152868528407, -46.6001354491311], [-72.515288901333, -46.6001358103723], [-72.5154080326446, -46.60017746152461], [-72.5154321747396, -46.600189933182], [-72.5154347899253, -46.6001912150575], [-72.5157583107778, -46.6004253131593], [-72.5158972854242, -46.6004253392033], [-72.5158909445553, -46.6002597090872], [-72.5158914905483, -46.6002578266123], [-72.5158909503258, -46.600255588178], [-72.5158954391295, -46.6002374106643], [-72.5159221202874, -46.6001791331768], [-72.5159262585073, -46.6001716673983], [-72.51593205132, -46.6001641351281], [-72.5159733064274, -46.6001178230816], [-72.5159897210498, -46.6001039395971], [-72.51599920113, -46.60009853551801], [-72.5160438068135, -46.6000762069678], [-72.5160485382504, -46.6000744479062], [-72.5160536337167, -46.6000718795952], [-72.5161034309131, -46.60005272928651], [-72.5161062723375, -46.60005181906769], [-72.5161073493448, -46.6000513015954], [-72.5161525354709, -46.6000357296643], [-72.5161617170084, -46.60003296091951], [-72.5161819938696, -46.60002933298141], [-72.5162565586158, -46.60002173587041], [-72.5162739545824, -46.6000210441558], [-72.5163004680117, -46.6000241689008], [-72.5163995698684, -46.6000458382787], [-72.5164102598736, -46.6000486597519], [-72.5164119499968, -46.6000494923971], [-72.5164137630063, -46.60004980838989], [-72.5168217016838, -46.6001904652559], [-72.5169605254746, -46.6002095203], [-72.51709141679, -46.60020788973511], [-72.5171723857289, -46.6001873007377], [-72.5173767748008, -46.6001001762322], [-72.5174672738543, -46.6000556929145], [-72.5175317846015, -46.600014006501], [-72.5175584158132, -46.599988464266], [-72.5175629450526, -46.5999695383828], [-72.5175296396204, -46.59984030486309], [-72.5174839604467, -46.5997243167299], [-72.5174442510664, -46.5996251391105], [-72.5174174694596, -46.5995928600207], [-72.5173996786206, -46.5995727720262], [-72.5173905055326, -46.599566037891], [-72.517388540672, -46.5995651583556], [-72.5173681962483, -46.5995607393618], [-72.5170336726358, -46.5995136764897], [-72.5170129614083, -46.5995090599226], [-72.5170126895394, -46.5995089259863], [-72.5170123696911, -46.5995088740943], [-72.5169765488893, -46.5994975254057], [-72.5169747863273, -46.59949665096649], [-72.5169519144055, -46.5994863504158], [-72.5169204681289, -46.5994668239387], [-72.5169146242907, -46.5994628780647], [-72.5169089805688, -46.5994583488878], [-72.5168843004511, -46.5994366713536], [-72.516880742835, -46.5994323210467], [-72.5168747812039, -46.5994265679426], [-72.5168568462495, -46.5994031984999], [-72.5168518024637, -46.5993954940021], [-72.5168514240283, -46.59939392603649], [-72.5168503767506, -46.59939270985809], [-72.5168425955576, -46.5993763850285], [-72.516841107277, -46.5993692586404], [-72.5168377788812, -46.5993579387137], [-72.516837003089, -46.5993441355925], [-72.5168376067984, -46.5993420033711], [-72.5168369782734, -46.5993393992083], [-72.5168391960325, -46.59932708995421], [-72.5168437973834, -46.59931260874739], [-72.5168502060463, -46.5992992746235], [-72.5168603161429, -46.59928730028309], [-72.5168801688168, -46.5992685288896], [-72.5168922654446, -46.599259087283], [-72.516894188508, -46.59925826075471], [-72.5168953985134, -46.5992571453888], [-72.5169151176186, -46.5992454425461], [-72.5169174665514, -46.5992444807477], [-72.5169272794826, -46.5992392830557], [-72.5169555251267, -46.5992271713833], [-72.5169726364246, -46.5992213446177], [-72.5169766916862, -46.59922087959621], [-72.5169795850792, -46.59921973742799], [-72.5170117713802, -46.5992132062502], [-72.5170337254158, -46.59921126781641], [-72.5170402880377, -46.5992104627483], [-72.5170960759023, -46.59921080664], [-72.5170971416197, -46.5992109682618], [-72.5170982827969, -46.5992108374004], [-72.517108819941, -46.5992114602547], [-72.5171627066767, -46.5992166793437], [-72.5171644671078, -46.59921703076451], [-72.5171682810285, -46.5992173329204], [-72.5172604267743, -46.5992300345269], [-72.5172659854078, -46.59923126516469], [-72.5172702603733, -46.5992317597414], [-72.5188348617886, -46.5995666440509], [-72.5188461198499, -46.5995695881758], [-72.5188557600706, -46.5995730451013], [-72.5192938216625, -46.5997520963346], [-72.5196361846732, -46.5998102707589], [-72.5196765805659, -46.5998131031902], [-72.5197440671045, -46.59980864390981], [-72.5198429964367, -46.5997907011895], [-72.5198539404037, -46.59978448327], [-72.5198776174798, -46.599765026715], [-72.5201256532491, -46.59939927760299], [-72.5203108010869, -46.59862366000879], [-72.5203126191395, -46.59861951530489], [-72.5203136362386, -46.5986152137144], [-72.5204298005407, -46.5983485126226], [-72.5204343398388, -46.5983401469162], [-72.5204358823769, -46.5983386591379], [-72.520436462357, -46.5983371114289], [-72.520706011984, -46.59797502459231], [-72.5207083103238, -46.59797292092109], [-72.5207149561327, -46.59796519523919], [-72.5208471996338, -46.5978443587842], [-72.5208500083636, -46.5978422022038], [-72.5208510981813, -46.5978410223644], [-72.5211310235476, -46.59761644435509], [-72.5211382629417, -46.59761122885009], [-72.5211397237741, -46.5976106008918], [-72.5211406624434, -46.59760972649541], [-72.521946870541, -46.59712149199571], [-72.5219472758902, -46.597121324107], [-72.5219506097357, -46.5971193388034], [-72.5222215194009, -46.5969710698489], [-72.5222249917707, -46.5969697115532], [-72.5222319137428, -46.59696610048629], [-72.5224882129696, -46.5968597833897], [-72.5224962066607, -46.5968571114622], [-72.5224983987729, -46.5968561017777], [-72.5245408558237, -46.59622032359201], [-72.5246513669926, -46.5961573647922], [-72.5247591259611, -46.5960565244461], [-72.5249536046412, -46.5957694563928], [-72.5250921212378, -46.5955180903024], [-72.525093669916, -46.59551649556], [-72.5250944128478, -46.595514285853], [-72.5251009724223, -46.5955059042159], [-72.5251614530373, -46.5954401922824], [-72.5251666648848, -46.5954358488274], [-72.5251699511313, -46.59543229633561], [-72.5252045257226, -46.5954046365833], [-72.5252116699513, -46.5953994965036], [-72.5252274944558, -46.59539116744241], [-72.5252702075964, -46.5953731063182], [-72.5252729506704, -46.5953721794252], [-72.5252746151165, -46.595371349696], [-72.5253250760139, -46.5953524280994]]]}}, {"type": "Feature", "properties": {"name": "Servidumbre", "kind": "lote", "area_m2": 3191, "area_ha": 0.32, "centroid": [-72.5241, -46.597963], "status": "disponible", "tier": "por asignar"}, "geometry": {"type": "Polygon", "coordinates": [[[-72.5228155565239, -46.5988957309256], [-72.5230002308625, -46.5988845835724], [-72.5231588031245, -46.59878825669119], [-72.5234571991044, -46.5981932270735], [-72.5234585194383, -46.5981909382485], [-72.5234674009234, -46.59818237133241], [-72.5234803625189, -46.5981767993126], [-72.5243070208695, -46.5979837443037], [-72.5243105524088, -46.5979830451022], [-72.5250299759911, -46.5978654879024], [-72.525055459401, -46.5975318379077], [-72.5250557674453, -46.59752946849671], [-72.5251612122318, -46.5970397026887], [-72.5252837727495, -46.59555904063141], [-72.5253185608294, -46.5955204863411], [-72.5253417798898, -46.59549837008999], [-72.5253708893958, -46.5954891969626], [-72.5252409138731, -46.59703651706409], [-72.5252408431349, -46.59703671604721], [-72.5252405521408, -46.5970389543981], [-72.5251334916274, -46.5975361260816], [-72.5251066301351, -46.5978885009158], [-72.5251032158645, -46.5978981895215], [-72.5250943346805, -46.597906756571], [-72.5250813733087, -46.59791232877849], [-72.5250765643598, -46.5979133434016], [-72.525076251782, -46.5979133944776], [-72.5250762514676, -46.597913394529], [-72.5243304029568, -46.5980352697869], [-72.5235249352623, -46.5982233594146], [-72.5232294357501, -46.59881261455419], [-72.5232281153905, -46.5988149033759], [-72.5232192337609, -46.5988234702698], [-72.5230423491784, -46.5989309392297], [-72.5230303023726, -46.5989359374028], [-72.5230198791386, -46.5989375766026], [-72.5228254366263, -46.5989493135945], [-72.5224047424385, -46.5990213205699], [-72.5223724166881, -46.59897124187379], [-72.5228095364976, -46.5988964234694], [-72.5228125649087, -46.59889620139371], [-72.5228155565239, -46.5988957309256]]]}}, {"type": "Feature", "properties": {"name": "Servidumbre", "kind": "lote", "area_m2": 1765, "area_ha": 0.18, "centroid": [-72.515897, -46.598618], "status": "disponible", "tier": "por asignar"}, "geometry": {"type": "Polygon", "coordinates": [[[-72.5171966912552, -46.5992212960108], [-72.5171385783639, -46.59921364867589], [-72.5170793955487, -46.599210545377], [-72.5168969889085, -46.59906537851359], [-72.5165632217522, -46.5988765111053], [-72.5161209016746, -46.5987500287298], [-72.5161204148272, -46.59874979663879], [-72.5161197894431, -46.5987496966805], [-72.5161119680543, -46.5987464576947], [-72.5159114899622, -46.598639696599], [-72.5159105270594, -46.59863909377691], [-72.5159100074207, -46.5986388665115], [-72.5154937635298, -46.5983939510733], [-72.5153485861687, -46.5983318188249], [-72.5145645542758, -46.5981404966448], [-72.5138143095065, -46.5980346246186], [-72.5138287874726, -46.59798240889501], [-72.5139061310917, -46.5979920608444], [-72.514582991583, -46.5980880092451], [-72.5145864200604, -46.5980887760371], [-72.514588153611, -46.5980890007583], [-72.5153787066322, -46.5982819142031], [-72.5153817559759, -46.5982827591683], [-72.5153862926877, -46.5982844268494], [-72.5155375812366, -46.5983491745093], [-72.5155400687728, -46.5983505789603], [-72.5155423483387, -46.5983515759499], [-72.5159601174004, -46.5985973886584], [-72.5161557173184, -46.5987015519211], [-72.5165985827732, -46.5988281901939], [-72.5165990696234, -46.5988284222829], [-72.5165996950094, -46.59882852223859], [-72.5166084226972, -46.59883225872629], [-72.5169492392491, -46.5990251150458], [-72.5169529394176, -46.59902750125951], [-72.5169533800831, -46.5990279883854], [-72.5169539810937, -46.5990282970877], [-72.5171966912552, -46.5992212960108]]]}}, {"type": "Feature", "properties": {"name": "Servidumbre", "kind": "lote", "area_m2": 22047, "area_ha": 2.2, "centroid": [-72.518285, -46.594181], "status": "disponible", "tier": "por asignar"}, "geometry": {"type": "Polygon", "coordinates": [[[-72.5194764953735, -46.5917129410219], [-72.5194710200708, -46.591714711378], [-72.5194559533429, -46.59171643971651], [-72.5194410740795, -46.5917140616749], [-72.5194286475163, -46.591707939289], [-72.519420565486, -46.5916990046377], [-72.5194180584029, -46.5916886179417], [-72.5194215079446, -46.5916783604814], [-72.5194303889467, -46.5916697938618], [-72.5194378740576, -46.5916659926265], [-72.5199111972507, -46.5914809442845], [-72.5200746850833, -46.5913583709864], [-72.5200757703224, -46.5913578654095], [-72.5200767048371, -46.59135696395471], [-72.5200815259391, -46.5913543037372], [-72.5203763729797, -46.5912164248267], [-72.5207620992477, -46.591015527722], [-72.5209550002786, -46.5908549753498], [-72.5210289580607, -46.5906699325104], [-72.5210289849861, -46.59066988110149], [-72.5210289926709, -46.59066984647121], [-72.5211478358122, -46.5903762933311], [-72.5211498633497, -46.59037244204789], [-72.5211587438629, -46.5903638752828], [-72.5211645981641, -46.5903607480203], [-72.5215654978956, -46.5901857418819], [-72.5215687751416, -46.5901846143988], [-72.5215699531588, -46.5901840655091], [-72.5219621255029, -46.5900585195436], [-72.5222083598157, -46.58993710726661], [-72.5222172956458, -46.58993381289729], [-72.5222264501733, -46.589932264566], [-72.5224460086052, -46.5899140301593], [-72.5224475707085, -46.5899139824915], [-72.5224481776336, -46.5899138921027], [-72.5226987409607, -46.5899027802822], [-72.5227024835601, -46.5899027379363], [-72.5227099831209, -46.5899034041785], [-72.5231843225182, -46.5899782105196], [-72.523184617824, -46.5878731957453], [-72.5231880856969, -46.5878620931921], [-72.5231969654686, -46.587853526251], [-72.5232099245829, -46.5878479542055], [-72.5232249901337, -46.587846225348], [-72.5232398685305, -46.5878486028811], [-72.523252294675, -46.5878547248476], [-72.5232603768005, -46.58786365923461], [-72.5232629037833, -46.587873200909], [-72.5232626072888, -46.59000844834971], [-72.5232624813312, -46.5900088515925], [-72.5232625879784, -46.590009293304], [-72.5232597985803, -46.59001848364089], [-72.5226912869056, -46.5909965477425], [-72.5226908319278, -46.590997007224], [-72.5226906275778, -46.59099761499681], [-72.522689021283, -46.5909997977801], [-72.5222030947497, -46.5915919199513], [-72.5221958205224, -46.5915983040198], [-72.5221933540745, -46.59159977241221], [-72.5219450832442, -46.591735563067], [-72.5219447503785, -46.5917356932316], [-72.5219438032743, -46.5917362340741], [-72.5214626992307, -46.59197785623899], [-72.5214568540797, -46.5919800337456], [-72.5214549943816, -46.5919808707368], [-72.5210935444018, -46.5920870453166], [-72.5205948086885, -46.5923301454733], [-72.5205860446478, -46.5923333552475], [-72.5205827838072, -46.5923340937036], [-72.5202982193053, -46.5923891346004], [-72.5202864132591, -46.5923901245971], [-72.5202810240148, -46.5923897492395], [-72.5199395042541, -46.5923493513126], [-72.5199381911477, -46.59234907422349], [-72.5199364732556, -46.5923489069894], [-72.5194367247059, -46.5922612615536], [-72.5193853867419, -46.59236790097539], [-72.5192820132395, -46.5926955128027], [-72.519279438725, -46.59270088324001], [-72.5192740833987, -46.592706844948], [-72.5188080872566, -46.59310026105031], [-72.5187475047868, -46.5931514070802], [-72.5185480711538, -46.5934398747331], [-72.5185391786438, -46.5934482556184], [-72.518297210207, -46.5935877023833], [-72.5182582031182, -46.59364046594231], [-72.5182236912961, -46.5937305225723], [-72.5181767234685, -46.5938350328822], [-72.5181750100791, -46.5938381480127], [-72.5181661285144, -46.5938467145211], [-72.5180967504805, -46.59389162033891], [-72.517973676186, -46.59397820387711], [-72.5179167875367, -46.5940211435057], [-72.517889073118, -46.59412503949], [-72.5179688651113, -46.5942978185614], [-72.5181125677552, -46.59441410731941], [-72.518223798297, -46.5944497390165], [-72.5182318450399, -46.5944531884437], [-72.5184172647297, -46.5945560849128], [-72.518596525403, -46.59470589267231], [-72.5188280997836, -46.5948087001447], [-72.5188853343769, -46.5948452039491], [-72.5188934167646, -46.5948541386412], [-72.51889462762, -46.5948567389386], [-72.5189118304944, -46.5949013189202], [-72.5189131267458, -46.5949091053258], [-72.5189041191075, -46.5949627900998], [-72.518900917381, -46.5949707471219], [-72.5188652328332, -46.59501364978939], [-72.5188581205078, -46.59501983725529], [-72.5187965538583, -46.59505385462771], [-72.5187859537702, -46.5950580157039], [-72.5186943395373, -46.5950759761877], [-72.5185337436705, -46.5951036725553], [-72.5185230145827, -46.5951044653272], [-72.5185176796887, -46.5951040963136], [-72.5183401589505, -46.59508327402559], [-72.5183167161281, -46.5950867776045], [-72.5182960045841, -46.5950928295795], [-72.5182293686438, -46.5951260123608], [-72.5181892114009, -46.5951710993076], [-72.5181757828813, -46.59518926298909], [-72.5181727728619, -46.5953005537944], [-72.518172269819, -46.5953040984719], [-72.5181457919152, -46.59541469843029], [-72.5181427998613, -46.5954214944018], [-72.518112799592, -46.5954653685667], [-72.5181082541242, -46.5954704628346], [-72.518073310616, -46.5955013418735], [-72.5180692400661, -46.59550441692879], [-72.5180616591824, -46.5955082551302], [-72.5179636061823, -46.5955463356425], [-72.5179582255827, -46.5955480688465], [-72.5177909403108, -46.5955819833099], [-72.5176433085353, -46.5955988781109], [-72.517635680846, -46.59559922724939], [-72.5176266740472, -46.5955983012418], [-72.5172245055276, -46.5955231770477], [-72.5172199362125, -46.5955221112481], [-72.5170940435081, -46.5954866490687], [-72.5170939639168, -46.5954866113392], [-72.5170938519269, -46.59548659469459], [-72.5170462635685, -46.5954729866448], [-72.517022905735, -46.5954682664231], [-72.517015307074, -46.59546977086681], [-72.517012626027, -46.5954734846952], [-72.5170110065507, -46.5955089194477], [-72.5170412005415, -46.59562468455089], [-72.5170417989313, -46.595630309648], [-72.5170415057991, -46.5956328630891], [-72.5170358218509, -46.5956636843198], [-72.5170326647105, -46.5956713882469], [-72.5170237826578, -46.5956799546546], [-72.5170188962452, -46.59568264495051], [-72.5169795817437, -46.5957009473739], [-72.5169076812093, -46.5957298645751], [-72.5169018233338, -46.5957317861161], [-72.5168877929825, -46.5957335271398], [-72.5161794692276, -46.5957310897461], [-72.5159682001752, -46.5957513487165], [-72.5158832112584, -46.5957638392471], [-72.5158563853862, -46.59577691440941], [-72.5158542772715, -46.59578569239331], [-72.5159444283941, -46.59595365088011], [-72.515990048193, -46.5960244237608], [-72.5160463932534, -46.5960885624855], [-72.5162310541744, -46.59618264513891], [-72.516463270339, -46.5962773096712], [-72.5166725825082, -46.5963132048652], [-72.5166792443903, -46.5963147984262], [-72.516691671664, -46.5963209211209], [-72.5166969630278, -46.5963258140552], [-72.5167376705908, -46.5963740070654], [-72.5167404614625, -46.5963780489725], [-72.5167429876013, -46.5963876183409], [-72.5167427380712, -46.5965304468039], [-72.5168755410201, -46.5967197148136], [-72.5168780478076, -46.5967301015522], [-72.5168773127228, -46.59673452429271], [-72.5168586336662, -46.596799155172], [-72.5168559183668, -46.5968049897906], [-72.5168470360939, -46.596813556179], [-72.5168388483301, -46.59681762501601], [-72.5164309170003, -46.5969695494411], [-72.5164261428259, -46.59697105184829], [-72.5164128261234, -46.5969727907766], [-72.5158861651173, -46.5969775977683], [-72.5155703994269, -46.5969843275898], [-72.5155458739538, -46.5969916600166], [-72.5155291835496, -46.597006862942], [-72.5155220239943, -46.59702243341629], [-72.5155213334447, -46.5970753538308], [-72.5155319940408, -46.59710406845129], [-72.5155498542593, -46.59713698799919], [-72.5155825865116, -46.59715933475961], [-72.5156414461844, -46.5971794845688], [-72.5157269991332, -46.5971952745658], [-72.5166301452524, -46.59730842104031], [-72.5166392584421, -46.5973103779276], [-72.5166443435904, -46.5973122846521], [-72.517011016555, -46.59747507340519], [-72.5171149895012, -46.597475024391], [-72.5175875202845, -46.5974006053019], [-72.51759747304, -46.5973999407281], [-72.5176091782324, -46.59740144350589], [-72.5179857207928, -46.5974923225024], [-72.5182270907179, -46.5975006854879], [-72.5182412383912, -46.5975030430606], [-72.5182503190735, -46.59750698161821], [-72.518314448606, -46.59754414585259], [-72.5186693091525, -46.5971670897955], [-72.5186753548766, -46.59716210353901], [-72.5186883166938, -46.5971565320665], [-72.5186924459042, -46.597155633187], [-72.5192726348759, -46.5970532732406], [-72.5192835739025, -46.5970524438581], [-72.519301882447, -46.5970527838182], [-72.5193221643672, -46.5970556359286], [-72.5193474331951, -46.59706422436619], [-72.5192947593225, -46.5971050092308], [-72.51872667443, -46.5972053066488], [-72.5183707962191, -46.5975834443311], [-72.5185942085075, -46.5977712870121], [-72.5185953357949, -46.59777263173379], [-72.5185981844062, -46.5977753261677], [-72.5186921342211, -46.597892307918], [-72.5186945058543, -46.5978958406076], [-72.5186964535038, -46.5979007543966], [-72.5187208973986, -46.5979976404581], [-72.5187214569342, -46.59800311337359], [-72.5187201841178, -46.5980091402559], [-72.5186975239965, -46.5980684181525], [-72.518695346685, -46.598072648688], [-72.518693241359, -46.598075421346], [-72.5186124612671, -46.59816826913241], [-72.5186091697322, -46.5981710832102], [-72.5186075122109, -46.5981727990439], [-72.5184903892794, -46.59825933259499], [-72.5184893959892, -46.5982597916591], [-72.5184885614315, -46.59826059654939], [-72.5184861830575, -46.59826201632541], [-72.5182839336397, -46.5983732682345], [-72.5180542619231, -46.5986917773311], [-72.5180330620759, -46.5988328226025], [-72.5180324838124, -46.59883429888071], [-72.5180317838552, -46.5988374075818], [-72.5180307818391, -46.5988398418851], [-72.5180299808141, -46.598841352962], [-72.5180298512936, -46.5988418113417], [-72.5180282279771, -46.5988448461715], [-72.5180275254296, -46.59884557721409], [-72.518027175472, -46.5988466175988], [-72.5180182930331, -46.59885518407249], [-72.5180159342183, -46.5988565930508], [-72.5179284237624, -46.5989047924046], [-72.5179947161698, -46.5990797550595], [-72.5182799622454, -46.5992269960715], [-72.5182837903265, -46.5992293566192], [-72.5182843080643, -46.59922960452489], [-72.5187393948335, -46.5995462500498], [-72.5185805383444, -46.5995123327602], [-72.5182307135147, -46.5992690036081], [-72.5179368257582, -46.59911730174219], [-72.5179317522307, -46.5991141731687], [-72.5179236693987, -46.59910523840551], [-72.5179224134795, -46.5991025203552], [-72.5178490251121, -46.59890882892281], [-72.5178489694942, -46.5989084880234], [-72.5178486434145, -46.59890772749], [-72.51784760635, -46.5989044302358], [-72.5178469979553, -46.5988998348289], [-72.5178467176368, -46.59889878458561], [-72.517846706217, -46.5988958366076], [-72.5178468421849, -46.598895398524], [-72.5178467254814, -46.59889491502231], [-72.5178495053451, -46.5988857437304], [-72.5178506309036, -46.5988838037858], [-72.5178510931691, -46.5988833367008], [-72.5178513013897, -46.5988827176913], [-72.5178579878864, -46.5988756909342], [-72.5178615801167, -46.59887296197611], [-72.5178637760892, -46.598871422273], [-72.5178661349085, -46.5988700132979], [-72.5179562081879, -46.5988204024263], [-72.5179771074952, -46.5986813579739], [-72.5179803687636, -46.5986730321119], [-72.5179808194979, -46.59867259741], [-72.5179809908971, -46.59867212763421], [-72.5182176762278, -46.5983438926159], [-72.5182259364235, -46.59833623060301], [-72.5182283148074, -46.5983348108326], [-72.5184350967413, -46.5982210657789], [-72.5185474377599, -46.5981380652952], [-72.5186232267192, -46.59805095438621], [-72.5186422906051, -46.59800108426839], [-72.5186204397424, -46.5979144754826], [-72.5185314024992, -46.5978036104467], [-72.5182957640357, -46.59760548786841], [-72.5182933479199, -46.5976042975696], [-72.5182901692167, -46.5976007837747], [-72.5182894200026, -46.59760015383941], [-72.5182100099044, -46.59755413424121], [-72.5179761487242, -46.5975460313949], [-72.5179742287038, -46.5975457114377], [-72.5179651765949, -46.59754454931021], [-72.5175939564503, -46.5974549549], [-72.5171281382005, -46.5975283167884], [-72.5171210877391, -46.5975287875372], [-72.5171194449932, -46.59752899469661], [-72.5169995389484, -46.59752905121579], [-72.516998938557, -46.59752896224631], [-72.5169982793726, -46.5975290378387], [-72.5169833986479, -46.5975266594504], [-72.5169783134673, -46.5975247527404], [-72.5166084880827, -46.5973605644168], [-72.5157114205945, -46.5972481794167], [-72.5157099576743, -46.5972478652686], [-72.5157082957974, -46.59724769616091], [-72.5156174129842, -46.5972309224588], [-72.515611424643, -46.5972294487494], [-72.5156108003095, -46.59722914114759], [-72.5156101248993, -46.59722902413531], [-72.5155421068495, -46.5972057390729], [-72.5155370760374, -46.5972031629011], [-72.5155319711564, -46.5972007431033], [-72.5154886469954, -46.5971711650782], [-72.5154882719546, -46.5971707667633], [-72.5154876550945, -46.5971704628422], [-72.5154802675243, -46.5971622655971], [-72.5154795729479, -46.5971615279168], [-72.515479562065, -46.59716148281969], [-72.5154795273585, -46.5971614443093], [-72.5154579190514, -46.5971216162728], [-72.5154579111101, -46.5971215830251], [-72.5154566609306, -46.5971188539343], [-72.5154442123226, -46.5970853231245], [-72.5154432920243, -46.59707955350111], [-72.5154429916497, -46.597078389881], [-72.5154437810866, -46.59701789789611], [-72.5154438747558, -46.5970176044843], [-72.5154437989424, -46.5970172903214], [-72.5154456092577, -46.5970099869332], [-72.5154565799387, -46.5969861281604], [-72.5154582202889, -46.596983174238], [-72.5154626816154, -46.5969779972497], [-72.5154896435138, -46.5969534382676], [-72.5154940647, -46.5969500489793], [-72.5155052836024, -46.5969449650797], [-72.5155461199422, -46.5969327561643], [-72.5155478631162, -46.5969322689568], [-72.5155604880867, -46.5969305406548], [-72.5158840910165, -46.5969236438043], [-72.5158843888808, -46.5969236847092], [-72.515884782762, -46.59692363327711], [-72.516402165765, -46.5969189109811], [-72.5167854394317, -46.5967761697702], [-72.5167979558176, -46.5967328623824], [-72.5166683436889, -46.5965483850054], [-72.5166669551499, -46.59654615914341], [-72.5166644290184, -46.5965365897737], [-72.5166646768432, -46.5963948547788], [-72.5166376240616, -46.5963628273926], [-72.5164338863957, -46.5963278998985], [-72.5161861949865, -46.596227000588], [-72.5159936395589, -46.59612879967149], [-72.5159883682893, -46.5961255694049], [-72.5159834216172, -46.5961210764551], [-72.5159204965474, -46.5960493934381], [-72.515871827278, -46.5959739636391], [-72.5157772427396, -46.59579770932199], [-72.5157748296501, -46.595787494863], [-72.5157753359011, -46.59578393749591], [-72.5157818101297, -46.5957569795968], [-72.5157847543935, -46.5957502796385], [-72.5157936366497, -46.5957417133311], [-72.515797831211, -46.5957393527064], [-72.5158445772378, -46.5957165682991], [-72.5158533444245, -46.5957133577723], [-72.5158590159659, -46.59571220972089], [-72.5159551648455, -46.595698087541], [-72.5161714626148, -46.5956773654032], [-72.5161770522394, -46.59567710835519], [-72.5168775154315, -46.59567951872789], [-72.5169368464635, -46.5956557143874], [-72.5169603854177, -46.5956447560987], [-72.5169630768205, -46.59563016206731], [-72.516933217432, -46.5955156792044], [-72.5169326190542, -46.59551005410691], [-72.5169346374938, -46.595465891273], [-72.5169387180027, -46.5954547181794], [-72.5169528879224, -46.5954350898169], [-72.516961139713, -46.5954274391421], [-72.5169741012768, -46.59542186785791], [-72.516977129216, -46.5954211751292], [-72.5170122102578, -46.59541422950449], [-72.5170242501427, -46.5954131942407], [-72.5170340305682, -46.5954142707122], [-72.5170703215122, -46.5954216044963], [-72.517074308727, -46.59542257425881], [-72.5171237569301, -46.59543671413491], [-72.5172473167098, -46.5954715191566], [-72.517638926361, -46.5955446709765], [-72.5177727217572, -46.5955293992604], [-72.5179290765367, -46.5954977969407], [-72.5180163970005, -46.59546388459621], [-72.518043834187, -46.5954396388002], [-72.5180694281276, -46.59540220108211], [-72.5180945554461, -46.5952972432245], [-72.518097680592, -46.5951816973412], [-72.5181011306302, -46.5951714399357], [-72.5181201570377, -46.5951456384546], [-72.5181216748673, -46.59514377219989], [-72.5181667390793, -46.595093175968], [-72.5181733040817, -46.5950876224279], [-72.5181771766394, -46.5950854202856], [-72.5182537356548, -46.5950472961142], [-72.5182618556746, -46.5950441989408], [-72.5182929081679, -46.595035102979], [-72.5183309678828, -46.5950294212962], [-72.5183411498327, -46.5950286426652], [-72.5185227169504, -46.59504993896069], [-72.5186736103979, -46.5950239280475], [-72.5187538584593, -46.59500828590049], [-72.5188011096207, -46.5949822626925], [-72.5188272992939, -46.5949509700271], [-72.5188342461825, -46.59491021898631], [-72.5188218933815, -46.5948782074976], [-72.5187794859557, -46.5948512942474], [-72.5185490197211, -46.5947489998657], [-72.5185416741684, -46.5947447825045], [-72.518361362176, -46.5945943224314], [-72.5181864744635, -46.5944972981371], [-72.5180718156421, -46.59446056820369], [-72.5180597742746, -46.5944545674556], [-72.5179041523503, -46.5943286817566], [-72.5178973319391, -46.5943207194081], [-72.5178114981069, -46.5941349819382], [-72.5178096728641, -46.594125946226], [-72.5178102990069, -46.5941219151345], [-72.5178418131216, -46.59400377544831], [-72.5178446369855, -46.5939975491399], [-72.5178514087166, -46.5939904573459], [-72.5179163275354, -46.5939414565789], [-72.517916816158, -46.59394122813519], [-72.5179172725809, -46.5939407679464], [-72.518042563582, -46.5938526584259], [-72.5181050015442, -46.5938122446883], [-72.5181482058017, -46.59371618438141], [-72.5181835750221, -46.5936238907458], [-72.5181857458766, -46.5936196766854], [-72.5182310832288, -46.5935582844649], [-72.5182394243349, -46.5935506346257], [-72.5184810676223, -46.5934113402598], [-72.518645975684, -46.5931728122183], [-72.5182247675857, -46.5932328486193], [-72.5174882526937, -46.593198577151], [-72.5174872142953, -46.59319839740839], [-72.5174817392093, -46.5931978888891], [-72.5169731051541, -46.5931134322209], [-72.5169661601539, -46.5931117908379], [-72.5169652193582, -46.5931113273022], [-72.5169642530265, -46.5931111537138], [-72.5160212347047, -46.59277408246151], [-72.5160107154083, -46.59276859684731], [-72.5160080434061, -46.5927664141799], [-72.5148259695492, -46.5916900235015], [-72.5148205601934, -46.5916832712331], [-72.5148185410091, -46.5916780618284], [-72.5147321493128, -46.5913114202562], [-72.5147316623083, -46.5913062428806], [-72.5147351127018, -46.5912959855779], [-72.5147400667228, -46.5912903688808], [-72.5151144104228, -46.59096356517551], [-72.515118338019, -46.5909606156159], [-72.5151312986787, -46.5909550445196], [-72.515136171664, -46.5909540198118], [-72.5160277747786, -46.59080948488761], [-72.5164903721205, -46.5905965337612], [-72.5168724662374, -46.5901513966673], [-72.5168793602141, -46.59014546640401], [-72.5168858597233, -46.5901420638385], [-72.5176273681075, -46.5898321210139], [-72.5176803549423, -46.5896341852792], [-72.5176831740104, -46.5896279760557], [-72.5176920549327, -46.5896194095672], [-72.5177008771015, -46.5896151090684], [-72.5181056012126, -46.58947090721039], [-72.5183805621183, -46.5892181813455], [-72.5189643566675, -46.5888705274728], [-72.5188757437347, -46.5886183772888], [-72.518874662476, -46.5886111738428], [-72.5188781119005, -46.58860091639211], [-72.5188869924636, -46.5885923498024], [-72.5188918019155, -46.5885896949893], [-72.5193134317469, -46.5883923738996], [-72.5193215819593, -46.5883894571373], [-72.5193308709341, -46.58838789801869], [-72.5196324549346, -46.5883635884255], [-72.5199380696836, -46.5881741918419], [-72.5200577087339, -46.5879583622818], [-72.5200439366289, -46.5879060775487], [-72.5199716677043, -46.5878238784479], [-72.5198579456082, -46.58778792330829], [-72.5198552510964, -46.5877869830279], [-72.5196394066482, -46.5877043008071], [-72.5196298829335, -46.5876991838343], [-72.5196269971842, -46.5876967968814], [-72.5194376403906, -46.5875203019002], [-72.519500288786, -46.5874879334715], [-72.5196848439139, -46.5876599620695], [-72.5198919525238, -46.5877392978717], [-72.5200152272316, -46.58777827320991], [-72.5200274455122, -46.587784330428], [-72.5200323843172, -46.5877888146917], [-72.520114631649, -46.5878823631636], [-72.5201177744317, -46.58788681350239], [-72.5201196709576, -46.5878915297399], [-72.5201366881855, -46.5879561339793], [-72.5201372987337, -46.5879618044278], [-72.5201347390096, -46.5879705894431], [-72.5200078259452, -46.588199541921], [-72.5200059884005, -46.5882023513042], [-72.5200016192685, -46.5882065754579], [-72.519997429684, -46.58820997791929], [-72.5196755325447, -46.5884094651808], [-72.5196631994642, -46.5884146399799], [-72.5196539104932, -46.5884161991256], [-72.5193494759903, -46.5884407385117], [-72.5189582174964, -46.5886238460432], [-72.5190460697059, -46.5888738304149], [-72.5190471509911, -46.5888810338596], [-72.5190437015784, -46.58889129131521], [-72.5190344692527, -46.588900184553], [-72.5184382022822, -46.5892550661581], [-72.5181628578618, -46.5895082316738], [-72.5181583339661, -46.5895117158093], [-72.5181495118493, -46.5895160163444], [-72.5177538619186, -46.5896569851929], [-72.5177011702575, -46.5898538192238], [-72.5176983511787, -46.5898600284474], [-72.5176894702164, -46.5898685949353], [-72.5176829707891, -46.58987199754829], [-72.5169348430975, -46.5901847073882], [-72.5165532099458, -46.59062930797649], [-72.5165463158708, -46.5906352382179], [-72.5165412597588, -46.5906380072716], [-72.5160653638856, -46.5908570802911], [-72.5160574594987, -46.5908598824646], [-72.5160525865376, -46.5908609072122], [-72.5151673883163, -46.591004403936], [-72.5148121903528, -46.5913144936369], [-72.5148942601297, -46.5916627910796], [-72.516065126223, -46.5927289748637], [-72.5169960664736, -46.5930617288267], [-72.5174968585185, -46.59314488334271], [-72.5182188996122, -46.5931786972992], [-72.5185281175831, -46.5931358356215], [-72.5186958062341, -46.5931097182887], [-72.5192075040795, -46.5926777195527], [-72.5193093258574, -46.5923550268386], [-72.519310159706, -46.5923532874161], [-72.5193104240111, -46.5923522625844], [-72.5193738987059, -46.5922204130075], [-72.5193753750391, -46.592217806822], [-72.5193842561401, -46.5922092402085], [-72.5193972166851, -46.5922036686269], [-72.5194122835504, -46.592201940299], [-72.5194207037539, -46.5922027600339], [-72.5199542732827, -46.5922963370423], [-72.5202855663202, -46.59233552526701], [-72.5205551266254, -46.59228338650011], [-72.5210517554318, -46.5920413133643], [-72.5210574029752, -46.5920392449461], [-72.5210590104221, -46.59203852149389], [-72.5214202023103, -46.591932422754], [-72.5218970527557, -46.5916929369259], [-72.5221387123705, -46.59156076231771], [-72.5226195892094, -46.5909747942497], [-72.523168165705, -46.590031029257], [-72.5226980798459, -46.589956893729], [-72.5224542905327, -46.5899677051302], [-72.5222457574663, -46.5899850238806], [-72.522004697794, -46.590103884684], [-72.5220005593672, -46.5901054103814], [-72.5219984122326, -46.59010641083871], [-72.5216052324382, -46.590232279348], [-72.521219197394, -46.5904007966326], [-72.5211044181169, -46.5906843125724], [-72.5210282457331, -46.5908748969945], [-72.5210261835564, -46.5908788343138], [-72.5210206537704, -46.59088494267591], [-72.5208194828621, -46.5910523782596], [-72.5208161320075, -46.5910548366432], [-72.5208129329612, -46.5910566960343], [-72.5204227704511, -46.59125990375059], [-72.5204222213518, -46.5912601125822], [-72.5204211484455, -46.5912607046035], [-72.5201292385481, -46.5913972100772], [-72.5199646690896, -46.5915205943878], [-72.5199635838462, -46.5915210999635], [-72.5199626493267, -46.59152200141719], [-72.5199551642714, -46.591525802688], [-72.5194764953735, -46.5917129410219]]]}}]}